# CAISc 2026 HP folding - full competition run
#
# Recovered verbatim from the stdout cells of foldpaper_a100_final.ipynb.
# Hardware: Lightning AI A100-40GB instance, 16 CPU workers, 10-hour budget.
# The GPU is not used; the solver is CPU/Numba only.
#
# Two stdout streams from the launch cell are concatenated in order: the
# pre-run header, then the per-round search log. Nothing has been edited,
# reordered, or synthesised.
#
# The log ends mid-S10 at round 18 because the notebook was stopped before the
# budget expired. S10's checkpoint (46 contacts, found at 638.9 s) survived;
# its submission file was regenerated afterwards from that checkpoint via
# train.write_submission. See "Provenance" in the README.

[official-check] OK: local sequences/targets match live CAISc JSON
[self-test] starting
[self-test] OK

==============================================================================
[solve] S5 length=48 target=23 budget=0.816h workers=16
==============================================================================
[round 1] SA 128x3526530 then REMC 12x16rep x 734ex x 2640steps remaining=49.0min
[round 1] SA improved: contacts=22
[checkpoint] checkpoints/best_S5.json contacts=22 status=GAP_1
[round 1] REMC improved: contacts=23
[checkpoint] checkpoints/best_S5.json contacts=23 status=MATCHED_BEST_KNOWN
[round 1] matched current best-known; continuing to seek record
[round 2] SA 128x3486994 then REMC 12x16rep x 726ex x 2640steps remaining=48.4min
[round 2] SA best so far: contacts=23
[round 2] REMC best so far: contacts=23
[round 2] matched current best-known; continuing to seek record
[round 3] SA 128x3448040 then REMC 12x16rep x 718ex x 2640steps remaining=47.9min
[round 3] SA best so far: contacts=23
[round 3] REMC best so far: contacts=23
[round 3] matched current best-known; continuing to seek record
[round 4] SA 128x3409498 then REMC 12x16rep x 710ex x 2640steps remaining=47.4min
[round 4] SA best so far: contacts=23
[round 4] REMC best so far: contacts=23
[round 4] matched current best-known; continuing to seek record
[round 5] SA 128x3371204 then REMC 12x16rep x 702ex x 2640steps remaining=46.8min
[round 5] SA best so far: contacts=23
[round 5] REMC best so far: contacts=23
[round 5] matched current best-known; continuing to seek record
[round 6] SA 128x3333485 then REMC 12x16rep x 694ex x 2640steps remaining=46.3min
[round 6] SA best so far: contacts=23
[round 6] REMC best so far: contacts=23
[round 6] matched current best-known; continuing to seek record
[round 7] SA 128x3296304 then REMC 12x16rep x 686ex x 2640steps remaining=45.8min
[round 7] SA best so far: contacts=23
[round 7] REMC best so far: contacts=23
[round 7] matched current best-known; continuing to seek record
[round 8] SA 128x3259338 then REMC 12x16rep x 679ex x 2640steps remaining=45.3min
[round 8] SA best so far: contacts=23
[round 8] REMC best so far: contacts=23
[round 8] matched current best-known; continuing to seek record
[round 9] SA 128x3222839 then REMC 12x16rep x 671ex x 2640steps remaining=44.8min
[round 9] SA best so far: contacts=23
[round 9] REMC best so far: contacts=23
[round 9] matched current best-known; continuing to seek record
[round 10] SA 128x3186846 then REMC 12x16rep x 663ex x 2640steps remaining=44.3min
[round 10] SA best so far: contacts=23
[round 10] REMC best so far: contacts=23
[round 10] matched current best-known; continuing to seek record
[round 11] SA 128x3151255 then REMC 12x16rep x 656ex x 2640steps remaining=43.8min
[round 11] SA best so far: contacts=23
[round 11] REMC best so far: contacts=23
[round 11] matched current best-known; continuing to seek record
[round 12] SA 128x3116059 then REMC 12x16rep x 649ex x 2640steps remaining=43.3min
[round 12] SA best so far: contacts=23
[round 12] REMC best so far: contacts=23
[round 12] matched current best-known; continuing to seek record
[round 13] SA 128x3081261 then REMC 12x16rep x 641ex x 2640steps remaining=42.8min
[round 13] SA best so far: contacts=23
[round 13] REMC best so far: contacts=23
[round 13] matched current best-known; continuing to seek record
[round 14] SA 128x3046840 then REMC 12x16rep x 634ex x 2640steps remaining=42.3min
[round 14] SA best so far: contacts=23
[round 14] REMC best so far: contacts=23
[round 14] matched current best-known; continuing to seek record
[round 15] SA 128x3012775 then REMC 12x16rep x 627ex x 2640steps remaining=41.8min
[round 15] SA best so far: contacts=23
[round 15] REMC best so far: contacts=23
[round 15] matched current best-known; continuing to seek record
[round 16] SA 128x2979180 then REMC 12x16rep x 620ex x 2640steps remaining=41.4min
[round 16] SA best so far: contacts=23
[round 16] REMC best so far: contacts=23
[round 16] matched current best-known; continuing to seek record
[round 17] SA 128x2945893 then REMC 12x16rep x 613ex x 2640steps remaining=40.9min
[round 17] SA best so far: contacts=23
[round 17] REMC best so far: contacts=23
[round 17] matched current best-known; continuing to seek record
[round 18] SA 128x2912788 then REMC 12x16rep x 606ex x 2640steps remaining=40.5min
[round 18] SA best so far: contacts=23
[round 18] REMC best so far: contacts=23
[round 18] matched current best-known; continuing to seek record
[round 19] SA 128x2880146 then REMC 12x16rep x 600ex x 2640steps remaining=40.0min
[round 19] SA best so far: contacts=23
[round 19] REMC best so far: contacts=23
[round 19] matched current best-known; continuing to seek record
[round 20] SA 128x2847852 then REMC 12x16rep x 593ex x 2640steps remaining=39.6min
[round 20] SA best so far: contacts=23
[round 20] REMC best so far: contacts=23
[round 20] matched current best-known; continuing to seek record
[round 21] SA 128x2815945 then REMC 12x16rep x 586ex x 2640steps remaining=39.1min
[round 21] SA best so far: contacts=23
[round 21] REMC best so far: contacts=23
[round 21] matched current best-known; continuing to seek record
[round 22] SA 128x2784447 then REMC 12x16rep x 580ex x 2640steps remaining=38.7min
[round 22] SA best so far: contacts=23
[round 22] REMC best so far: contacts=23
[round 22] matched current best-known; continuing to seek record
[round 23] SA 128x2753298 then REMC 12x16rep x 573ex x 2640steps remaining=38.2min
[round 23] SA best so far: contacts=23
[round 23] REMC best so far: contacts=23
[round 23] matched current best-known; continuing to seek record
[round 24] SA 128x2722464 then REMC 12x16rep x 567ex x 2640steps remaining=37.8min
[round 24] SA best so far: contacts=23
[round 24] REMC best so far: contacts=23
[round 24] matched current best-known; continuing to seek record
[round 25] SA 128x2691949 then REMC 12x16rep x 560ex x 2640steps remaining=37.4min
[round 25] SA best so far: contacts=23
[round 25] REMC best so far: contacts=23
[round 25] matched current best-known; continuing to seek record
[round 26] SA 128x2661792 then REMC 12x16rep x 554ex x 2640steps remaining=37.0min
[round 26] SA best so far: contacts=23
[round 26] REMC best so far: contacts=23
[round 26] matched current best-known; continuing to seek record
[round 27] SA 128x2632008 then REMC 12x16rep x 548ex x 2640steps remaining=36.6min
[round 27] SA best so far: contacts=23
[round 27] REMC best so far: contacts=23
[round 27] matched current best-known; continuing to seek record
[round 28] SA 128x2602574 then REMC 12x16rep x 542ex x 2640steps remaining=36.1min
[round 28] SA best so far: contacts=23
[round 28] REMC best so far: contacts=23
[round 28] matched current best-known; continuing to seek record
[round 29] SA 128x2573371 then REMC 12x16rep x 536ex x 2640steps remaining=35.7min
[round 29] SA best so far: contacts=23
[round 29] REMC best so far: contacts=23
[round 29] matched current best-known; continuing to seek record
[round 30] SA 128x2544405 then REMC 12x16rep x 530ex x 2640steps remaining=35.3min
[round 30] SA best so far: contacts=23
[round 30] REMC best so far: contacts=23
[round 30] matched current best-known; continuing to seek record
[round 31] SA 128x2515543 then REMC 12x16rep x 524ex x 2640steps remaining=34.9min
[round 31] SA best so far: contacts=23
[round 31] REMC best so far: contacts=23
[round 31] matched current best-known; continuing to seek record
[round 32] SA 128x2487222 then REMC 12x16rep x 518ex x 2640steps remaining=34.5min
[round 32] SA best so far: contacts=23
[round 32] REMC best so far: contacts=23
[round 32] matched current best-known; continuing to seek record
[round 33] SA 128x2459245 then REMC 12x16rep x 512ex x 2640steps remaining=34.2min
[round 33] SA best so far: contacts=23
[round 33] REMC best so far: contacts=23
[round 33] matched current best-known; continuing to seek record
[round 34] SA 128x2431614 then REMC 12x16rep x 506ex x 2640steps remaining=33.8min
[round 34] SA best so far: contacts=23
[round 34] REMC best so far: contacts=23
[round 34] matched current best-known; continuing to seek record
[round 35] SA 128x2404304 then REMC 12x16rep x 500ex x 2640steps remaining=33.4min
[round 35] SA best so far: contacts=23
[round 35] REMC best so far: contacts=23
[round 35] matched current best-known; continuing to seek record
[round 36] SA 128x2377335 then REMC 12x16rep x 495ex x 2640steps remaining=33.0min
[round 36] SA best so far: contacts=23
[round 36] REMC best so far: contacts=23
[round 36] matched current best-known; continuing to seek record
[round 37] SA 128x2350553 then REMC 12x16rep x 489ex x 2640steps remaining=32.6min
[round 37] SA best so far: contacts=23
[round 37] REMC best so far: contacts=23
[round 37] matched current best-known; continuing to seek record
[round 38] SA 128x2324155 then REMC 12x16rep x 484ex x 2640steps remaining=32.3min
[round 38] SA best so far: contacts=23
[round 38] REMC best so far: contacts=23
[round 38] matched current best-known; continuing to seek record
[round 39] SA 128x2297961 then REMC 12x16rep x 478ex x 2640steps remaining=31.9min
[round 39] SA best so far: contacts=23
[round 39] REMC best so far: contacts=23
[round 39] matched current best-known; continuing to seek record
[round 40] SA 128x2272291 then REMC 12x16rep x 473ex x 2640steps remaining=31.6min
[round 40] SA best so far: contacts=23
[round 40] REMC best so far: contacts=23
[round 40] matched current best-known; continuing to seek record
[round 41] SA 128x2246779 then REMC 12x16rep x 468ex x 2640steps remaining=31.2min
[round 41] SA best so far: contacts=23
[round 41] REMC best so far: contacts=23
[round 41] matched current best-known; continuing to seek record
[round 42] SA 128x2220249 then REMC 12x16rep x 462ex x 2640steps remaining=30.8min
[round 42] SA best so far: contacts=23
[round 42] REMC best so far: contacts=23
[round 42] matched current best-known; continuing to seek record
[round 43] SA 128x2195419 then REMC 12x16rep x 457ex x 2640steps remaining=30.5min
[round 43] SA best so far: contacts=23
[round 43] REMC best so far: contacts=23
[round 43] matched current best-known; continuing to seek record
[round 44] SA 128x2170752 then REMC 12x16rep x 452ex x 2640steps remaining=30.1min
[round 44] SA best so far: contacts=23
[round 44] REMC best so far: contacts=23
[round 44] matched current best-known; continuing to seek record
[round 45] SA 128x2146278 then REMC 12x16rep x 447ex x 2640steps remaining=29.8min
[round 45] SA best so far: contacts=23
[round 45] REMC best so far: contacts=23
[round 45] matched current best-known; continuing to seek record
[round 46] SA 128x2122172 then REMC 12x16rep x 442ex x 2640steps remaining=29.5min
[round 46] SA best so far: contacts=23
[round 46] REMC best so far: contacts=23
[round 46] matched current best-known; continuing to seek record
[round 47] SA 128x2098358 then REMC 12x16rep x 437ex x 2640steps remaining=29.1min
[round 47] SA best so far: contacts=23
[round 47] REMC best so far: contacts=23
[round 47] matched current best-known; continuing to seek record
[round 48] SA 128x2074567 then REMC 12x16rep x 432ex x 2640steps remaining=28.8min
[round 48] SA best so far: contacts=23
[round 48] REMC best so far: contacts=23
[round 48] matched current best-known; continuing to seek record
[round 49] SA 128x2051313 then REMC 12x16rep x 427ex x 2640steps remaining=28.5min
[round 49] SA best so far: contacts=23
[round 49] REMC best so far: contacts=23
[round 49] matched current best-known; continuing to seek record
[round 50] SA 128x2028256 then REMC 12x16rep x 422ex x 2640steps remaining=28.2min
[round 50] SA best so far: contacts=23
[round 50] REMC best so far: contacts=23
[round 50] matched current best-known; continuing to seek record
[round 51] SA 128x2005475 then REMC 12x16rep x 417ex x 2640steps remaining=27.9min
[round 51] SA best so far: contacts=23
[round 51] REMC best so far: contacts=23
[round 51] matched current best-known; continuing to seek record
[round 52] SA 128x1982983 then REMC 12x16rep x 413ex x 2640steps remaining=27.5min
[round 52] SA best so far: contacts=23
[round 52] REMC best so far: contacts=23
[round 52] matched current best-known; continuing to seek record
[round 53] SA 128x1960543 then REMC 12x16rep x 408ex x 2640steps remaining=27.2min
[round 53] SA best so far: contacts=23
[round 53] REMC best so far: contacts=23
[round 53] matched current best-known; continuing to seek record
[round 54] SA 128x1938527 then REMC 12x16rep x 403ex x 2640steps remaining=26.9min
[round 54] SA best so far: contacts=23
[round 54] REMC best so far: contacts=23
[round 54] matched current best-known; continuing to seek record
[round 55] SA 128x1916710 then REMC 12x16rep x 399ex x 2640steps remaining=26.6min
[round 55] SA best so far: contacts=23
[round 55] REMC best so far: contacts=23
[round 55] matched current best-known; continuing to seek record
[round 56] SA 128x1895075 then REMC 12x16rep x 394ex x 2640steps remaining=26.3min
[round 56] SA best so far: contacts=23
[round 56] REMC best so far: contacts=23
[round 56] matched current best-known; continuing to seek record
[round 57] SA 128x1873750 then REMC 12x16rep x 390ex x 2640steps remaining=26.0min
[round 57] SA best so far: contacts=23
[round 57] REMC best so far: contacts=23
[round 57] matched current best-known; continuing to seek record
[round 58] SA 128x1852656 then REMC 12x16rep x 385ex x 2640steps remaining=25.7min
[round 58] SA best so far: contacts=23
[round 58] REMC best so far: contacts=23
[round 58] matched current best-known; continuing to seek record
[round 59] SA 128x1831748 then REMC 12x16rep x 381ex x 2640steps remaining=25.4min
[round 59] SA best so far: contacts=23
[round 59] REMC best so far: contacts=23
[round 59] matched current best-known; continuing to seek record
[round 60] SA 128x1811087 then REMC 12x16rep x 377ex x 2640steps remaining=25.2min
[round 60] SA best so far: contacts=23
[round 60] REMC best so far: contacts=23
[round 60] matched current best-known; continuing to seek record
[round 61] SA 128x1790683 then REMC 12x16rep x 373ex x 2640steps remaining=24.9min
[round 61] SA best so far: contacts=23
[round 61] REMC best so far: contacts=23
[round 61] matched current best-known; continuing to seek record
[round 62] SA 128x1770504 then REMC 12x16rep x 368ex x 2640steps remaining=24.6min
[round 62] SA best so far: contacts=23
[round 62] REMC best so far: contacts=23
[round 62] matched current best-known; continuing to seek record
[round 63] SA 128x1750534 then REMC 12x16rep x 364ex x 2640steps remaining=24.3min
[round 63] SA best so far: contacts=23
[round 63] REMC best so far: contacts=23
[round 63] matched current best-known; continuing to seek record
[round 64] SA 128x1730815 then REMC 12x16rep x 360ex x 2640steps remaining=24.0min
[round 64] SA best so far: contacts=23
[round 64] REMC best so far: contacts=23
[round 64] matched current best-known; continuing to seek record
[round 65] SA 128x1711316 then REMC 12x16rep x 356ex x 2640steps remaining=23.8min
[round 65] SA best so far: contacts=23
[round 65] REMC best so far: contacts=23
[round 65] matched current best-known; continuing to seek record
[round 66] SA 128x1692080 then REMC 12x16rep x 352ex x 2640steps remaining=23.5min
[round 66] SA best so far: contacts=23
[round 66] REMC best so far: contacts=23
[round 66] matched current best-known; continuing to seek record
[round 67] SA 128x1672974 then REMC 12x16rep x 348ex x 2640steps remaining=23.2min
[round 67] SA best so far: contacts=23
[round 67] REMC best so far: contacts=23
[round 67] matched current best-known; continuing to seek record
[round 68] SA 128x1654061 then REMC 12x16rep x 344ex x 2640steps remaining=23.0min
[round 68] SA best so far: contacts=23
[round 68] REMC best so far: contacts=23
[round 68] matched current best-known; continuing to seek record
[round 69] SA 128x1635422 then REMC 12x16rep x 340ex x 2640steps remaining=22.7min
[round 69] SA best so far: contacts=23
[round 69] REMC best so far: contacts=23
[round 69] matched current best-known; continuing to seek record
[round 70] SA 128x1616941 then REMC 12x16rep x 336ex x 2640steps remaining=22.5min
[round 70] SA best so far: contacts=23
[round 70] REMC best so far: contacts=23
[round 70] matched current best-known; continuing to seek record
[round 71] SA 128x1598638 then REMC 12x16rep x 333ex x 2640steps remaining=22.2min
[round 71] SA best so far: contacts=23
[round 71] REMC best so far: contacts=23
[round 71] matched current best-known; continuing to seek record
[round 72] SA 128x1580533 then REMC 12x16rep x 329ex x 2640steps remaining=22.0min
[round 72] SA best so far: contacts=23
[round 72] REMC best so far: contacts=23
[round 72] matched current best-known; continuing to seek record
[round 73] SA 128x1562670 then REMC 12x16rep x 325ex x 2640steps remaining=21.7min
[round 73] SA best so far: contacts=23
[round 73] REMC best so far: contacts=23
[round 73] matched current best-known; continuing to seek record
[round 74] SA 128x1545102 then REMC 12x16rep x 321ex x 2640steps remaining=21.5min
[round 74] SA best so far: contacts=23
[round 74] REMC best so far: contacts=23
[round 74] matched current best-known; continuing to seek record
[round 75] SA 128x1527607 then REMC 12x16rep x 318ex x 2640steps remaining=21.2min
[round 75] SA best so far: contacts=23
[round 75] REMC best so far: contacts=23
[round 75] matched current best-known; continuing to seek record
[round 76] SA 128x1510283 then REMC 12x16rep x 314ex x 2640steps remaining=21.0min
[round 76] SA best so far: contacts=23
[round 76] REMC best so far: contacts=23
[round 76] matched current best-known; continuing to seek record
[round 77] SA 128x1493228 then REMC 12x16rep x 311ex x 2640steps remaining=20.7min
[round 77] SA best so far: contacts=23
[round 77] REMC best so far: contacts=23
[round 77] matched current best-known; continuing to seek record
[round 78] SA 128x1476228 then REMC 12x16rep x 307ex x 2640steps remaining=20.5min
[round 78] SA best so far: contacts=23
[round 78] REMC best so far: contacts=23
[round 78] matched current best-known; continuing to seek record
[round 79] SA 128x1459548 then REMC 12x16rep x 304ex x 2640steps remaining=20.3min
[round 79] SA best so far: contacts=23
[round 79] REMC best so far: contacts=23
[round 79] matched current best-known; continuing to seek record
[round 80] SA 128x1442953 then REMC 12x16rep x 300ex x 2640steps remaining=20.0min
[round 80] SA best so far: contacts=23
[round 80] REMC best so far: contacts=23
[round 80] matched current best-known; continuing to seek record
[round 81] SA 128x1426643 then REMC 12x16rep x 297ex x 2640steps remaining=19.8min
[round 81] SA best so far: contacts=23
[round 81] REMC best so far: contacts=23
[round 81] matched current best-known; continuing to seek record
[round 82] SA 128x1410389 then REMC 12x16rep x 293ex x 2640steps remaining=19.6min
[round 82] SA best so far: contacts=23
[round 82] REMC best so far: contacts=23
[round 82] matched current best-known; continuing to seek record
[round 83] SA 128x1394462 then REMC 12x16rep x 290ex x 2640steps remaining=19.4min
[round 83] SA best so far: contacts=23
[round 83] REMC best so far: contacts=23
[round 83] matched current best-known; continuing to seek record
[round 84] SA 128x1378627 then REMC 12x16rep x 287ex x 2640steps remaining=19.1min
[round 84] SA best so far: contacts=23
[round 84] REMC best so far: contacts=23
[round 84] matched current best-known; continuing to seek record
[round 85] SA 128x1363003 then REMC 12x16rep x 283ex x 2640steps remaining=18.9min
[round 85] SA best so far: contacts=23
[round 85] REMC best so far: contacts=23
[round 85] matched current best-known; continuing to seek record
[round 86] SA 128x1347229 then REMC 12x16rep x 280ex x 2640steps remaining=18.7min
[round 86] SA best so far: contacts=23
[round 86] REMC best so far: contacts=23
[round 86] matched current best-known; continuing to seek record
[round 87] SA 128x1331884 then REMC 12x16rep x 277ex x 2640steps remaining=18.5min
[round 87] SA best so far: contacts=23
[round 87] REMC best so far: contacts=23
[round 87] matched current best-known; continuing to seek record
[round 88] SA 128x1316803 then REMC 12x16rep x 274ex x 2640steps remaining=18.3min
[round 88] SA best so far: contacts=23
[round 88] REMC best so far: contacts=23
[round 88] matched current best-known; continuing to seek record
[round 89] SA 128x1301851 then REMC 12x16rep x 271ex x 2640steps remaining=18.1min
[round 89] SA best so far: contacts=23
[round 89] REMC best so far: contacts=23
[round 89] matched current best-known; continuing to seek record
[round 90] SA 128x1287098 then REMC 12x16rep x 268ex x 2640steps remaining=17.9min
[round 90] SA best so far: contacts=23
[round 90] REMC best so far: contacts=23
[round 90] matched current best-known; continuing to seek record
[round 91] SA 128x1272512 then REMC 12x16rep x 265ex x 2640steps remaining=17.7min
[round 91] SA best so far: contacts=23
[round 91] REMC best so far: contacts=23
[round 91] matched current best-known; continuing to seek record
[round 92] SA 128x1258083 then REMC 12x16rep x 262ex x 2640steps remaining=17.5min
[round 92] SA best so far: contacts=23
[round 92] REMC best so far: contacts=23
[round 92] matched current best-known; continuing to seek record
[round 93] SA 128x1243817 then REMC 12x16rep x 259ex x 2640steps remaining=17.3min
[round 93] SA best so far: contacts=23
[round 93] REMC best so far: contacts=23
[round 93] matched current best-known; continuing to seek record
[round 94] SA 128x1229697 then REMC 12x16rep x 256ex x 2640steps remaining=17.1min
[round 94] SA best so far: contacts=23
[round 94] REMC best so far: contacts=23
[round 94] matched current best-known; continuing to seek record
[round 95] SA 128x1215606 then REMC 12x16rep x 253ex x 2640steps remaining=16.9min
[round 95] SA best so far: contacts=23
[round 95] REMC best so far: contacts=23
[round 95] matched current best-known; continuing to seek record
[round 96] SA 128x1201811 then REMC 12x16rep x 250ex x 2640steps remaining=16.7min
[round 96] SA best so far: contacts=23
[round 96] REMC best so far: contacts=23
[round 96] matched current best-known; continuing to seek record
[round 97] SA 128x1188120 then REMC 12x16rep x 247ex x 2640steps remaining=16.5min
[round 97] SA best so far: contacts=23
[round 97] REMC best so far: contacts=23
[round 97] matched current best-known; continuing to seek record
[round 98] SA 128x1174590 then REMC 12x16rep x 244ex x 2640steps remaining=16.3min
[round 98] SA best so far: contacts=23
[round 98] REMC best so far: contacts=23
[round 98] matched current best-known; continuing to seek record
[round 99] SA 128x1161230 then REMC 12x16rep x 241ex x 2640steps remaining=16.1min
[round 99] SA best so far: contacts=23
[round 99] REMC best so far: contacts=23
[round 99] matched current best-known; continuing to seek record
[round 100] SA 128x1148048 then REMC 12x16rep x 239ex x 2640steps remaining=15.9min
[round 100] SA best so far: contacts=23
[round 100] REMC best so far: contacts=23
[round 100] matched current best-known; continuing to seek record
[round 101] SA 128x1134954 then REMC 12x16rep x 236ex x 2640steps remaining=15.8min
[round 101] SA best so far: contacts=23
[round 101] REMC best so far: contacts=23
[round 101] matched current best-known; continuing to seek record
[round 102] SA 128x1122049 then REMC 12x16rep x 233ex x 2640steps remaining=15.6min
[round 102] SA best so far: contacts=23
[round 102] REMC best so far: contacts=23
[round 102] matched current best-known; continuing to seek record
[round 103] SA 128x1109212 then REMC 12x16rep x 231ex x 2640steps remaining=15.4min
[round 103] SA best so far: contacts=23
[round 103] REMC best so far: contacts=23
[round 103] matched current best-known; continuing to seek record
[round 104] SA 128x1096621 then REMC 12x16rep x 228ex x 2640steps remaining=15.2min
[round 104] SA best so far: contacts=23
[round 104] REMC best so far: contacts=23
[round 104] matched current best-known; continuing to seek record
[round 105] SA 128x1084053 then REMC 12x16rep x 225ex x 2640steps remaining=15.1min
[round 105] SA best so far: contacts=23
[round 105] REMC best so far: contacts=23
[round 105] matched current best-known; continuing to seek record
[round 106] SA 128x1071716 then REMC 12x16rep x 223ex x 2640steps remaining=14.9min
[round 106] SA best so far: contacts=23
[round 106] REMC best so far: contacts=23
[round 106] matched current best-known; continuing to seek record
[round 107] SA 128x1059466 then REMC 12x16rep x 220ex x 2640steps remaining=14.7min
[round 107] SA best so far: contacts=23
[round 107] REMC best so far: contacts=23
[round 107] matched current best-known; continuing to seek record
[round 108] SA 128x1047395 then REMC 12x16rep x 218ex x 2640steps remaining=14.5min
[round 108] SA best so far: contacts=23
[round 108] REMC best so far: contacts=23
[round 108] matched current best-known; continuing to seek record
[round 109] SA 128x1035445 then REMC 12x16rep x 215ex x 2640steps remaining=14.4min
[round 109] SA best so far: contacts=23
[round 109] REMC best so far: contacts=23
[round 109] matched current best-known; continuing to seek record
[round 110] SA 128x1023609 then REMC 12x16rep x 213ex x 2640steps remaining=14.2min
[round 110] SA best so far: contacts=23
[round 110] REMC best so far: contacts=23
[round 110] matched current best-known; continuing to seek record
[round 111] SA 128x1011888 then REMC 12x16rep x 210ex x 2640steps remaining=14.1min
[round 111] SA best so far: contacts=23
[round 111] REMC best so far: contacts=23
[round 111] matched current best-known; continuing to seek record
[round 112] SA 128x1000356 then REMC 12x16rep x 208ex x 2640steps remaining=13.9min
[round 112] SA best so far: contacts=23
[round 112] REMC best so far: contacts=23
[round 112] matched current best-known; continuing to seek record
[round 113] SA 128x988821 then REMC 12x16rep x 206ex x 2640steps remaining=13.7min
[round 113] SA best so far: contacts=23
[round 113] REMC best so far: contacts=23
[round 113] matched current best-known; continuing to seek record
[round 114] SA 128x977508 then REMC 12x16rep x 203ex x 2640steps remaining=13.6min
[round 114] SA best so far: contacts=23
[round 114] REMC best so far: contacts=23
[round 114] matched current best-known; continuing to seek record
[round 115] SA 128x966185 then REMC 12x16rep x 201ex x 2640steps remaining=13.4min
[round 115] SA best so far: contacts=23
[round 115] REMC best so far: contacts=23
[round 115] matched current best-known; continuing to seek record
[round 116] SA 128x955118 then REMC 12x16rep x 198ex x 2640steps remaining=13.3min
[round 116] SA best so far: contacts=23
[round 116] REMC best so far: contacts=23
[round 116] matched current best-known; continuing to seek record
[round 117] SA 128x944220 then REMC 12x16rep x 196ex x 2640steps remaining=13.1min
[round 117] SA best so far: contacts=23
[round 117] REMC best so far: contacts=23
[round 117] matched current best-known; continuing to seek record
[round 118] SA 128x933414 then REMC 12x16rep x 194ex x 2640steps remaining=13.0min
[round 118] SA best so far: contacts=23
[round 118] REMC best so far: contacts=23
[round 118] matched current best-known; continuing to seek record
[round 119] SA 128x922661 then REMC 12x16rep x 192ex x 2640steps remaining=12.8min
[round 119] SA best so far: contacts=23
[round 119] REMC best so far: contacts=23
[round 119] matched current best-known; continuing to seek record
[round 120] SA 128x912047 then REMC 12x16rep x 190ex x 2640steps remaining=12.7min
[round 120] SA best so far: contacts=23
[round 120] REMC best so far: contacts=23
[round 120] matched current best-known; continuing to seek record
[round 121] SA 128x901532 then REMC 12x16rep x 187ex x 2640steps remaining=12.5min
[round 121] SA best so far: contacts=23
[round 121] REMC best so far: contacts=23
[round 121] matched current best-known; continuing to seek record
[round 122] SA 128x891196 then REMC 12x16rep x 185ex x 2640steps remaining=12.4min
[round 122] SA best so far: contacts=23
[round 122] REMC best so far: contacts=23
[round 122] matched current best-known; continuing to seek record
[round 123] SA 128x881019 then REMC 12x16rep x 183ex x 2640steps remaining=12.2min
[round 123] SA best so far: contacts=23
[round 123] REMC best so far: contacts=23
[round 123] matched current best-known; continuing to seek record
[round 124] SA 128x870839 then REMC 12x16rep x 181ex x 2640steps remaining=12.1min
[round 124] SA best so far: contacts=23
[round 124] REMC best so far: contacts=23
[round 124] matched current best-known; continuing to seek record
[round 125] SA 128x860844 then REMC 12x16rep x 179ex x 2640steps remaining=12.0min
[round 125] SA best so far: contacts=23
[round 125] REMC best so far: contacts=23
[round 125] matched current best-known; continuing to seek record
[round 126] SA 128x850961 then REMC 12x16rep x 177ex x 2640steps remaining=11.8min
[round 126] SA best so far: contacts=23
[round 126] REMC best so far: contacts=23
[round 126] matched current best-known; continuing to seek record
[round 127] SA 128x841183 then REMC 12x16rep x 175ex x 2640steps remaining=11.7min
[round 127] SA best so far: contacts=23
[round 127] REMC best so far: contacts=23
[round 127] matched current best-known; continuing to seek record
[round 128] SA 128x831524 then REMC 12x16rep x 173ex x 2640steps remaining=11.5min
[round 128] SA best so far: contacts=23
[round 128] REMC best so far: contacts=23
[round 128] matched current best-known; continuing to seek record
[round 129] SA 128x821902 then REMC 12x16rep x 171ex x 2640steps remaining=11.4min
[round 129] SA best so far: contacts=23
[round 129] REMC best so far: contacts=23
[round 129] matched current best-known; continuing to seek record
[round 130] SA 128x812446 then REMC 12x16rep x 169ex x 2640steps remaining=11.3min
[round 130] SA best so far: contacts=23
[round 130] REMC best so far: contacts=23
[round 130] matched current best-known; continuing to seek record
[round 131] SA 128x803088 then REMC 12x16rep x 167ex x 2640steps remaining=11.2min
[round 131] SA best so far: contacts=23
[round 131] REMC best so far: contacts=23
[round 131] matched current best-known; continuing to seek record
[round 132] SA 128x793877 then REMC 12x16rep x 165ex x 2640steps remaining=11.0min
[round 132] SA best so far: contacts=23
[round 132] REMC best so far: contacts=23
[round 132] matched current best-known; continuing to seek record
[round 133] SA 128x784619 then REMC 12x16rep x 163ex x 2640steps remaining=10.9min
[round 133] SA best so far: contacts=23
[round 133] REMC best so far: contacts=23
[round 133] matched current best-known; continuing to seek record
[round 134] SA 128x775530 then REMC 12x16rep x 161ex x 2640steps remaining=10.8min
[round 134] SA best so far: contacts=23
[round 134] REMC best so far: contacts=23
[round 134] matched current best-known; continuing to seek record
[round 135] SA 128x766603 then REMC 12x16rep x 159ex x 2640steps remaining=10.6min
[round 135] SA best so far: contacts=23
[round 135] REMC best so far: contacts=23
[round 135] matched current best-known; continuing to seek record
[round 136] SA 128x757789 then REMC 12x16rep x 157ex x 2640steps remaining=10.5min
[round 136] SA best so far: contacts=23
[round 136] REMC best so far: contacts=23
[round 136] matched current best-known; continuing to seek record
[round 137] SA 128x749068 then REMC 12x16rep x 156ex x 2640steps remaining=10.4min
[round 137] SA best so far: contacts=23
[round 137] REMC best so far: contacts=23
[round 137] matched current best-known; continuing to seek record
[round 138] SA 128x740431 then REMC 12x16rep x 154ex x 2640steps remaining=10.3min
[round 138] SA best so far: contacts=23
[round 138] REMC best so far: contacts=23
[round 138] matched current best-known; continuing to seek record
[round 139] SA 128x731906 then REMC 12x16rep x 152ex x 2640steps remaining=10.2min
[round 139] SA best so far: contacts=23
[round 139] REMC best so far: contacts=23
[round 139] matched current best-known; continuing to seek record
[round 140] SA 128x723495 then REMC 12x16rep x 150ex x 2640steps remaining=10.0min
[round 140] SA best so far: contacts=23
[round 140] REMC best so far: contacts=23
[round 140] matched current best-known; continuing to seek record
[round 141] SA 128x715111 then REMC 12x16rep x 148ex x 2640steps remaining=9.9min
[round 141] SA best so far: contacts=23
[round 141] REMC best so far: contacts=23
[round 141] matched current best-known; continuing to seek record
[round 142] SA 128x706805 then REMC 12x16rep x 147ex x 2640steps remaining=9.8min
[round 142] SA best so far: contacts=23
[round 142] REMC best so far: contacts=23
[round 142] matched current best-known; continuing to seek record
[round 143] SA 128x698637 then REMC 12x16rep x 145ex x 2640steps remaining=9.7min
[round 143] SA best so far: contacts=23
[round 143] REMC best so far: contacts=23
[round 143] matched current best-known; continuing to seek record
[round 144] SA 128x690545 then REMC 12x16rep x 143ex x 2640steps remaining=9.6min
[round 144] SA best so far: contacts=23
[round 144] REMC best so far: contacts=23
[round 144] matched current best-known; continuing to seek record
[round 145] SA 128x682587 then REMC 12x16rep x 142ex x 2640steps remaining=9.5min
[round 145] SA best so far: contacts=23
[round 145] REMC best so far: contacts=23
[round 145] matched current best-known; continuing to seek record
[round 146] SA 128x674689 then REMC 12x16rep x 140ex x 2640steps remaining=9.4min
[round 146] SA best so far: contacts=23
[round 146] REMC best so far: contacts=23
[round 146] matched current best-known; continuing to seek record
[round 147] SA 128x666881 then REMC 12x16rep x 138ex x 2640steps remaining=9.3min
[round 147] SA best so far: contacts=23
[round 147] REMC best so far: contacts=23
[round 147] matched current best-known; continuing to seek record
[round 148] SA 128x659186 then REMC 12x16rep x 137ex x 2640steps remaining=9.2min
[round 148] SA best so far: contacts=23
[round 148] REMC best so far: contacts=23
[round 148] matched current best-known; continuing to seek record
[round 149] SA 128x651529 then REMC 12x16rep x 135ex x 2640steps remaining=9.0min
[round 149] SA best so far: contacts=23
[round 149] REMC best so far: contacts=23
[round 149] matched current best-known; continuing to seek record
[round 150] SA 128x644011 then REMC 12x16rep x 134ex x 2640steps remaining=8.9min
[round 150] SA best so far: contacts=23
[round 150] REMC best so far: contacts=23
[round 150] matched current best-known; continuing to seek record
[round 151] SA 128x636499 then REMC 12x16rep x 132ex x 2640steps remaining=8.8min
[round 151] SA best so far: contacts=23
[round 151] REMC best so far: contacts=23
[round 151] matched current best-known; continuing to seek record
[round 152] SA 128x629115 then REMC 12x16rep x 131ex x 2640steps remaining=8.7min
[round 152] SA best so far: contacts=23
[round 152] REMC best so far: contacts=23
[round 152] matched current best-known; continuing to seek record
[round 153] SA 128x621763 then REMC 12x16rep x 129ex x 2640steps remaining=8.6min
[round 153] SA best so far: contacts=23
[round 153] REMC best so far: contacts=23
[round 153] matched current best-known; continuing to seek record
[round 154] SA 128x614533 then REMC 12x16rep x 128ex x 2640steps remaining=8.5min
[round 154] SA best so far: contacts=23
[round 154] REMC best so far: contacts=23
[round 154] matched current best-known; continuing to seek record
[round 155] SA 128x607361 then REMC 12x16rep x 126ex x 2640steps remaining=8.4min
[round 155] SA best so far: contacts=23
[round 155] REMC best so far: contacts=23
[round 155] matched current best-known; continuing to seek record
[round 156] SA 128x600327 then REMC 12x16rep x 125ex x 2640steps remaining=8.3min
[round 156] SA best so far: contacts=23
[round 156] REMC best so far: contacts=23
[round 156] matched current best-known; continuing to seek record
[round 157] SA 128x593354 then REMC 12x16rep x 123ex x 2640steps remaining=8.2min
[round 157] SA best so far: contacts=23
[round 157] REMC best so far: contacts=23
[round 157] matched current best-known; continuing to seek record
[round 158] SA 128x586456 then REMC 12x16rep x 122ex x 2640steps remaining=8.1min
[round 158] SA best so far: contacts=23
[round 158] REMC best so far: contacts=23
[round 158] matched current best-known; continuing to seek record
[round 159] SA 128x579610 then REMC 12x16rep x 120ex x 2640steps remaining=8.1min
[round 159] SA best so far: contacts=23
[round 159] REMC best so far: contacts=23
[round 159] matched current best-known; continuing to seek record
[round 160] SA 128x572867 then REMC 12x16rep x 119ex x 2640steps remaining=8.0min
[round 160] SA best so far: contacts=23
[round 160] REMC best so far: contacts=23
[round 160] matched current best-known; continuing to seek record
[round 161] SA 128x566183 then REMC 12x16rep x 117ex x 2640steps remaining=7.9min
[round 161] SA best so far: contacts=23
[round 161] REMC best so far: contacts=23
[round 161] matched current best-known; continuing to seek record
[round 162] SA 128x559570 then REMC 12x16rep x 116ex x 2640steps remaining=7.8min
[round 162] SA best so far: contacts=23
[round 162] REMC best so far: contacts=23
[round 162] matched current best-known; continuing to seek record
[round 163] SA 128x553056 then REMC 12x16rep x 115ex x 2640steps remaining=7.7min
[round 163] SA best so far: contacts=23
[round 163] REMC best so far: contacts=23
[round 163] matched current best-known; continuing to seek record
[round 164] SA 128x546626 then REMC 12x16rep x 113ex x 2640steps remaining=7.6min
[round 164] SA best so far: contacts=23
[round 164] REMC best so far: contacts=23
[round 164] matched current best-known; continuing to seek record
[round 165] SA 128x540219 then REMC 12x16rep x 112ex x 2640steps remaining=7.5min
[round 165] SA best so far: contacts=23
[round 165] REMC best so far: contacts=23
[round 165] matched current best-known; continuing to seek record
[round 166] SA 128x533902 then REMC 12x16rep x 111ex x 2640steps remaining=7.4min
[round 166] SA best so far: contacts=23
[round 166] REMC best so far: contacts=23
[round 166] matched current best-known; continuing to seek record
[round 167] SA 128x527649 then REMC 12x16rep x 109ex x 2640steps remaining=7.3min
[round 167] SA best so far: contacts=23
[round 167] REMC best so far: contacts=23
[round 167] matched current best-known; continuing to seek record
[round 168] SA 128x521391 then REMC 12x16rep x 108ex x 2640steps remaining=7.2min
[round 168] SA best so far: contacts=23
[round 168] REMC best so far: contacts=23
[round 168] matched current best-known; continuing to seek record
[round 169] SA 128x515292 then REMC 12x16rep x 107ex x 2640steps remaining=7.2min
[round 169] SA best so far: contacts=23
[round 169] REMC best so far: contacts=23
[round 169] matched current best-known; continuing to seek record
[round 170] SA 128x509230 then REMC 12x16rep x 106ex x 2640steps remaining=7.1min
[round 170] SA best so far: contacts=23
[round 170] REMC best so far: contacts=23
[round 170] matched current best-known; continuing to seek record
[round 171] SA 128x503243 then REMC 12x16rep x 104ex x 2640steps remaining=7.0min
[round 171] SA best so far: contacts=23
[round 171] REMC best so far: contacts=23
[round 171] matched current best-known; continuing to seek record
[round 172] SA 128x497293 then REMC 12x16rep x 103ex x 2640steps remaining=6.9min
[round 172] SA best so far: contacts=23
[round 172] REMC best so far: contacts=23
[round 172] matched current best-known; continuing to seek record
[round 173] SA 128x491443 then REMC 12x16rep x 102ex x 2640steps remaining=6.8min
[round 173] SA best so far: contacts=23
[round 173] REMC best so far: contacts=23
[round 173] matched current best-known; continuing to seek record
[round 174] SA 128x485652 then REMC 12x16rep x 101ex x 2640steps remaining=6.7min
[round 174] SA best so far: contacts=23
[round 174] REMC best so far: contacts=23
[round 174] matched current best-known; continuing to seek record
[round 175] SA 128x479935 then REMC 12x16rep x 100ex x 2640steps remaining=6.7min
[round 175] SA best so far: contacts=23
[round 175] REMC best so far: contacts=23
[round 175] matched current best-known; continuing to seek record
[round 176] SA 128x474215 then REMC 12x16rep x 100ex x 2640steps remaining=6.6min
[round 176] SA best so far: contacts=23
[round 176] REMC best so far: contacts=23
[round 176] matched current best-known; continuing to seek record
[round 177] SA 128x468607 then REMC 12x16rep x 100ex x 2640steps remaining=6.5min
[round 177] SA best so far: contacts=23
[round 177] REMC best so far: contacts=23
[round 177] matched current best-known; continuing to seek record
[round 178] SA 128x463006 then REMC 12x16rep x 100ex x 2640steps remaining=6.4min
[round 178] SA best so far: contacts=23
[round 178] REMC best so far: contacts=23
[round 178] matched current best-known; continuing to seek record
[round 179] SA 128x457406 then REMC 12x16rep x 100ex x 2640steps remaining=6.4min
[round 179] SA best so far: contacts=23
[round 179] REMC best so far: contacts=23
[round 179] matched current best-known; continuing to seek record
[round 180] SA 128x451849 then REMC 12x16rep x 100ex x 2640steps remaining=6.3min
[round 180] SA best so far: contacts=23
[round 180] REMC best so far: contacts=23
[round 180] matched current best-known; continuing to seek record
[round 181] SA 128x446351 then REMC 12x16rep x 100ex x 2640steps remaining=6.2min
[round 181] SA best so far: contacts=23
[round 181] REMC best so far: contacts=23
[round 181] matched current best-known; continuing to seek record
[round 182] SA 128x440898 then REMC 12x16rep x 100ex x 2640steps remaining=6.1min
[round 182] SA best so far: contacts=23
[round 182] REMC best so far: contacts=23
[round 182] matched current best-known; continuing to seek record
[round 183] SA 128x435481 then REMC 12x16rep x 100ex x 2640steps remaining=6.0min
[round 183] SA best so far: contacts=23
[round 183] REMC best so far: contacts=23
[round 183] matched current best-known; continuing to seek record
[round 184] SA 128x430081 then REMC 12x16rep x 100ex x 2640steps remaining=6.0min
[round 184] SA best so far: contacts=23
[round 184] REMC best so far: contacts=23
[round 184] matched current best-known; continuing to seek record
[round 185] SA 128x424678 then REMC 12x16rep x 100ex x 2640steps remaining=5.9min
[round 185] SA best so far: contacts=23
[round 185] REMC best so far: contacts=23
[round 185] matched current best-known; continuing to seek record
[round 186] SA 128x419315 then REMC 12x16rep x 100ex x 2640steps remaining=5.8min
[round 186] SA best so far: contacts=23
[round 186] REMC best so far: contacts=23
[round 186] matched current best-known; continuing to seek record
[round 187] SA 128x414001 then REMC 12x16rep x 100ex x 2640steps remaining=5.8min
[round 187] SA best so far: contacts=23
[round 187] REMC best so far: contacts=23
[round 187] matched current best-known; continuing to seek record
[round 188] SA 128x408709 then REMC 12x16rep x 100ex x 2640steps remaining=5.7min
[round 188] SA best so far: contacts=23
[round 188] REMC best so far: contacts=23
[round 188] matched current best-known; continuing to seek record
[round 189] SA 128x403431 then REMC 12x16rep x 100ex x 2640steps remaining=5.6min
[round 189] SA best so far: contacts=23
[round 189] REMC best so far: contacts=23
[round 189] matched current best-known; continuing to seek record
[round 190] SA 128x398130 then REMC 12x16rep x 100ex x 2640steps remaining=5.5min
[round 190] SA best so far: contacts=23
[round 190] REMC best so far: contacts=23
[round 190] matched current best-known; continuing to seek record
[round 191] SA 128x392946 then REMC 12x16rep x 100ex x 2640steps remaining=5.5min
[round 191] SA best so far: contacts=23
[round 191] REMC best so far: contacts=23
[round 191] matched current best-known; continuing to seek record
[round 192] SA 128x387745 then REMC 12x16rep x 100ex x 2640steps remaining=5.4min
[round 192] SA best so far: contacts=23
[round 192] REMC best so far: contacts=23
[round 192] matched current best-known; continuing to seek record
[round 193] SA 128x382540 then REMC 12x16rep x 100ex x 2640steps remaining=5.3min
[round 193] SA best so far: contacts=23
[round 193] REMC best so far: contacts=23
[round 193] matched current best-known; continuing to seek record
[round 194] SA 128x377409 then REMC 12x16rep x 100ex x 2640steps remaining=5.2min
[round 194] SA best so far: contacts=23
[round 194] REMC best so far: contacts=23
[round 194] matched current best-known; continuing to seek record
[round 195] SA 128x372306 then REMC 12x16rep x 100ex x 2640steps remaining=5.2min
[round 195] SA best so far: contacts=23
[round 195] REMC best so far: contacts=23
[round 195] matched current best-known; continuing to seek record
[round 196] SA 128x367237 then REMC 12x16rep x 100ex x 2640steps remaining=5.1min
[round 196] SA best so far: contacts=23
[round 196] REMC best so far: contacts=23
[round 196] matched current best-known; continuing to seek record
[round 197] SA 128x362224 then REMC 12x16rep x 100ex x 2640steps remaining=5.0min
[round 197] SA best so far: contacts=23
[round 197] REMC best so far: contacts=23
[round 197] matched current best-known; continuing to seek record
[round 198] SA 128x357239 then REMC 12x16rep x 100ex x 2640steps remaining=5.0min
[round 198] SA best so far: contacts=23
[round 198] REMC best so far: contacts=23
[round 198] matched current best-known; continuing to seek record
[round 199] SA 128x352258 then REMC 12x16rep x 100ex x 2640steps remaining=4.9min
[round 199] SA best so far: contacts=23
[round 199] REMC best so far: contacts=23
[round 199] matched current best-known; continuing to seek record
[round 200] SA 128x347266 then REMC 12x16rep x 100ex x 2640steps remaining=4.8min
[round 200] SA best so far: contacts=23
[round 200] REMC best so far: contacts=23
[round 200] matched current best-known; continuing to seek record
[round 201] SA 128x342310 then REMC 12x16rep x 100ex x 2640steps remaining=4.8min
[round 201] SA best so far: contacts=23
[round 201] REMC best so far: contacts=23
[round 201] matched current best-known; continuing to seek record
[round 202] SA 128x337373 then REMC 12x16rep x 100ex x 2640steps remaining=4.7min
[round 202] SA best so far: contacts=23
[round 202] REMC best so far: contacts=23
[round 202] matched current best-known; continuing to seek record
[round 203] SA 128x332459 then REMC 12x16rep x 100ex x 2640steps remaining=4.6min
[round 203] SA best so far: contacts=23
[round 203] REMC best so far: contacts=23
[round 203] matched current best-known; continuing to seek record
[round 204] SA 128x327597 then REMC 12x16rep x 100ex x 2640steps remaining=4.5min
[round 204] SA best so far: contacts=23
[round 204] REMC best so far: contacts=23
[round 204] matched current best-known; continuing to seek record
[round 205] SA 128x322797 then REMC 12x16rep x 100ex x 2640steps remaining=4.5min
[round 205] SA best so far: contacts=23
[round 205] REMC best so far: contacts=23
[round 205] matched current best-known; continuing to seek record
[round 206] SA 128x317997 then REMC 12x16rep x 100ex x 2640steps remaining=4.4min
[round 206] SA best so far: contacts=23
[round 206] REMC best so far: contacts=23
[round 206] matched current best-known; continuing to seek record
[round 207] SA 128x313208 then REMC 12x16rep x 100ex x 2640steps remaining=4.4min
[round 207] SA best so far: contacts=23
[round 207] REMC best so far: contacts=23
[round 207] matched current best-known; continuing to seek record
[round 208] SA 128x308465 then REMC 12x16rep x 100ex x 2640steps remaining=4.3min
[round 208] SA best so far: contacts=23
[round 208] REMC best so far: contacts=23
[round 208] matched current best-known; continuing to seek record
[round 209] SA 128x303751 then REMC 12x16rep x 100ex x 2640steps remaining=4.2min
[round 209] SA best so far: contacts=23
[round 209] REMC best so far: contacts=23
[round 209] matched current best-known; continuing to seek record
[round 210] SA 128x299041 then REMC 12x16rep x 100ex x 2640steps remaining=4.2min
[round 210] SA best so far: contacts=23
[round 210] REMC best so far: contacts=23
[round 210] matched current best-known; continuing to seek record
[round 211] SA 128x294368 then REMC 12x16rep x 100ex x 2640steps remaining=4.1min
[round 211] SA best so far: contacts=23
[round 211] REMC best so far: contacts=23
[round 211] matched current best-known; continuing to seek record
[round 212] SA 128x289721 then REMC 12x16rep x 100ex x 2640steps remaining=4.0min
[round 212] SA best so far: contacts=23
[round 212] REMC best so far: contacts=23
[round 212] matched current best-known; continuing to seek record
[round 213] SA 128x285091 then REMC 12x16rep x 100ex x 2640steps remaining=4.0min
[round 213] SA best so far: contacts=23
[round 213] REMC best so far: contacts=23
[round 213] matched current best-known; continuing to seek record
[round 214] SA 128x280502 then REMC 12x16rep x 100ex x 2640steps remaining=3.9min
[round 214] SA best so far: contacts=23
[round 214] REMC best so far: contacts=23
[round 214] matched current best-known; continuing to seek record
[round 215] SA 128x275949 then REMC 12x16rep x 100ex x 2640steps remaining=3.8min
[round 215] SA best so far: contacts=23
[round 215] REMC best so far: contacts=23
[round 215] matched current best-known; continuing to seek record
[round 216] SA 128x271372 then REMC 12x16rep x 100ex x 2640steps remaining=3.8min
[round 216] SA best so far: contacts=23
[round 216] REMC best so far: contacts=23
[round 216] matched current best-known; continuing to seek record
[round 217] SA 128x266844 then REMC 12x16rep x 100ex x 2640steps remaining=3.7min
[round 217] SA best so far: contacts=23
[round 217] REMC best so far: contacts=23
[round 217] matched current best-known; continuing to seek record
[round 218] SA 128x262358 then REMC 12x16rep x 100ex x 2640steps remaining=3.6min
[round 218] SA best so far: contacts=23
[round 218] REMC best so far: contacts=23
[round 218] matched current best-known; continuing to seek record
[round 219] SA 128x257904 then REMC 12x16rep x 100ex x 2640steps remaining=3.6min
[round 219] SA best so far: contacts=23
[round 219] REMC best so far: contacts=23
[round 219] matched current best-known; continuing to seek record
[round 220] SA 128x253449 then REMC 12x16rep x 100ex x 2640steps remaining=3.5min
[round 220] SA best so far: contacts=23
[round 220] REMC best so far: contacts=23
[round 220] matched current best-known; continuing to seek record
[round 221] SA 128x249015 then REMC 12x16rep x 100ex x 2640steps remaining=3.5min
[round 221] SA best so far: contacts=23
[round 221] REMC best so far: contacts=23
[round 221] matched current best-known; continuing to seek record
[round 222] SA 128x244604 then REMC 12x16rep x 100ex x 2640steps remaining=3.4min
[round 222] SA best so far: contacts=23
[round 222] REMC best so far: contacts=23
[round 222] matched current best-known; continuing to seek record
[round 223] SA 128x240242 then REMC 12x16rep x 100ex x 2640steps remaining=3.3min
[round 223] SA best so far: contacts=23
[round 223] REMC best so far: contacts=23
[round 223] matched current best-known; continuing to seek record
[round 224] SA 128x235864 then REMC 12x16rep x 100ex x 2640steps remaining=3.3min
[round 224] SA best so far: contacts=23
[round 224] REMC best so far: contacts=23
[round 224] matched current best-known; continuing to seek record
[round 225] SA 128x231542 then REMC 12x16rep x 100ex x 2640steps remaining=3.2min
[round 225] SA best so far: contacts=23
[round 225] REMC best so far: contacts=23
[round 225] matched current best-known; continuing to seek record
[round 226] SA 128x227246 then REMC 12x16rep x 100ex x 2640steps remaining=3.2min
[round 226] SA best so far: contacts=23
[round 226] REMC best so far: contacts=23
[round 226] matched current best-known; continuing to seek record
[round 227] SA 128x222960 then REMC 12x16rep x 100ex x 2640steps remaining=3.1min
[round 227] SA best so far: contacts=23
[round 227] REMC best so far: contacts=23
[round 227] matched current best-known; continuing to seek record
[round 228] SA 128x218686 then REMC 12x16rep x 100ex x 2640steps remaining=3.0min
[round 228] SA best so far: contacts=23
[round 228] REMC best so far: contacts=23
[round 228] matched current best-known; continuing to seek record
[round 229] SA 128x214449 then REMC 12x16rep x 100ex x 2640steps remaining=3.0min
[round 229] SA best so far: contacts=23
[round 229] REMC best so far: contacts=23
[round 229] matched current best-known; continuing to seek record
[round 230] SA 128x210241 then REMC 12x16rep x 100ex x 2640steps remaining=2.9min
[round 230] SA best so far: contacts=23
[round 230] REMC best so far: contacts=23
[round 230] matched current best-known; continuing to seek record
[round 231] SA 128x205985 then REMC 12x16rep x 100ex x 2640steps remaining=2.9min
[round 231] SA best so far: contacts=23
[round 231] REMC best so far: contacts=23
[round 231] matched current best-known; continuing to seek record
[round 232] SA 128x201751 then REMC 12x16rep x 100ex x 2640steps remaining=2.8min
[round 232] SA best so far: contacts=23
[round 232] REMC best so far: contacts=23
[round 232] matched current best-known; continuing to seek record
[round 233] SA 128x200000 then REMC 12x16rep x 100ex x 2640steps remaining=2.7min
[round 233] SA best so far: contacts=23
[round 233] REMC best so far: contacts=23
[round 233] matched current best-known; continuing to seek record
[round 234] SA 128x200000 then REMC 12x16rep x 100ex x 2640steps remaining=2.7min
[round 234] SA best so far: contacts=23
[round 234] REMC best so far: contacts=23
[round 234] matched current best-known; continuing to seek record
[round 235] SA 128x200000 then REMC 12x16rep x 100ex x 2640steps remaining=2.6min
[round 235] SA best so far: contacts=23
[round 235] REMC best so far: contacts=23
[round 235] matched current best-known; continuing to seek record
[round 236] SA 128x200000 then REMC 12x16rep x 100ex x 2640steps remaining=2.6min
[round 236] SA best so far: contacts=23
[round 236] REMC best so far: contacts=23
[round 236] matched current best-known; continuing to seek record
[round 237] SA 128x200000 then REMC 12x16rep x 100ex x 2640steps remaining=2.5min
[round 237] SA best so far: contacts=23
[round 237] REMC best so far: contacts=23
[round 237] matched current best-known; continuing to seek record
[round 238] SA 128x200000 then REMC 12x16rep x 100ex x 2640steps remaining=2.5min
[round 238] SA best so far: contacts=23
[round 238] REMC best so far: contacts=23
[round 238] matched current best-known; continuing to seek record
[round 239] SA 128x200000 then REMC 12x16rep x 100ex x 2640steps remaining=2.4min
[round 239] SA best so far: contacts=23
[round 239] REMC best so far: contacts=23
[round 239] matched current best-known; continuing to seek record
[round 240] SA 128x200000 then REMC 12x16rep x 100ex x 2640steps remaining=2.3min
[round 240] SA best so far: contacts=23
[round 240] REMC best so far: contacts=23
[round 240] matched current best-known; continuing to seek record
[round 241] SA 128x200000 then REMC 12x16rep x 100ex x 2640steps remaining=2.3min
[round 241] SA best so far: contacts=23
[round 241] REMC best so far: contacts=23
[round 241] matched current best-known; continuing to seek record
[round 242] SA 128x200000 then REMC 12x16rep x 100ex x 2640steps remaining=2.2min
[round 242] SA best so far: contacts=23
[round 242] REMC best so far: contacts=23
[round 242] matched current best-known; continuing to seek record
[round 243] SA 128x200000 then REMC 12x16rep x 100ex x 2640steps remaining=2.2min
[round 243] SA best so far: contacts=23
[round 243] REMC best so far: contacts=23
[round 243] matched current best-known; continuing to seek record
[round 244] SA 128x200000 then REMC 12x16rep x 100ex x 2640steps remaining=2.1min
[round 244] SA best so far: contacts=23
[round 244] REMC best so far: contacts=23
[round 244] matched current best-known; continuing to seek record
[round 245] SA 128x200000 then REMC 12x16rep x 100ex x 2640steps remaining=2.1min
[round 245] SA best so far: contacts=23
[round 245] REMC best so far: contacts=23
[round 245] matched current best-known; continuing to seek record
[round 246] SA 128x200000 then REMC 12x16rep x 100ex x 2640steps remaining=2.0min
[round 246] SA best so far: contacts=23
[round 246] REMC best so far: contacts=23
[round 246] matched current best-known; continuing to seek record
[round 247] SA 128x200000 then REMC 12x16rep x 100ex x 2640steps remaining=1.9min
[round 247] SA best so far: contacts=23
[round 247] REMC best so far: contacts=23
[round 247] matched current best-known; continuing to seek record
[round 248] SA 128x200000 then REMC 12x16rep x 100ex x 2640steps remaining=1.9min
[round 248] SA best so far: contacts=23
[round 248] REMC best so far: contacts=23
[round 248] matched current best-known; continuing to seek record
[round 249] SA 128x200000 then REMC 12x16rep x 100ex x 2640steps remaining=1.8min
[round 249] SA best so far: contacts=23
[round 249] REMC best so far: contacts=23
[round 249] matched current best-known; continuing to seek record
[round 250] SA 128x200000 then REMC 12x16rep x 100ex x 2640steps remaining=1.8min
[round 250] SA best so far: contacts=23
[round 250] REMC best so far: contacts=23
[round 250] matched current best-known; continuing to seek record
[round 251] SA 128x200000 then REMC 12x16rep x 100ex x 2640steps remaining=1.7min
[round 251] SA best so far: contacts=23
[round 251] REMC best so far: contacts=23
[round 251] matched current best-known; continuing to seek record
[round 252] SA 128x200000 then REMC 12x16rep x 100ex x 2640steps remaining=1.6min
[round 252] SA best so far: contacts=23
[round 252] REMC best so far: contacts=23
[round 252] matched current best-known; continuing to seek record
[round 253] SA 128x200000 then REMC 12x16rep x 100ex x 2640steps remaining=1.6min
[round 253] SA best so far: contacts=23
[round 253] REMC best so far: contacts=23
[round 253] matched current best-known; continuing to seek record
[round 254] SA 128x200000 then REMC 12x16rep x 100ex x 2640steps remaining=1.5min
[round 254] SA best so far: contacts=23
[round 254] REMC best so far: contacts=23
[round 254] matched current best-known; continuing to seek record
[round 255] SA 128x200000 then REMC 12x16rep x 100ex x 2640steps remaining=1.5min
[round 255] SA best so far: contacts=23
[round 255] REMC best so far: contacts=23
[round 255] matched current best-known; continuing to seek record
[round 256] SA 128x200000 then REMC 12x16rep x 100ex x 2640steps remaining=1.4min
[round 256] SA best so far: contacts=23
[round 256] REMC best so far: contacts=23
[round 256] matched current best-known; continuing to seek record
[round 257] SA 128x200000 then REMC 12x16rep x 100ex x 2640steps remaining=1.4min
[round 257] SA best so far: contacts=23
[round 257] REMC best so far: contacts=23
[round 257] matched current best-known; continuing to seek record
[round 258] SA 128x200000 then REMC 12x16rep x 100ex x 2640steps remaining=1.3min
[round 258] SA best so far: contacts=23
[round 258] REMC best so far: contacts=23
[round 258] matched current best-known; continuing to seek record
[round 259] SA 128x200000 then REMC 12x16rep x 100ex x 2640steps remaining=1.2min
[round 259] SA best so far: contacts=23
[round 259] REMC best so far: contacts=23
[round 259] matched current best-known; continuing to seek record
[round 260] SA 128x200000 then REMC 12x16rep x 100ex x 2640steps remaining=1.2min
[round 260] SA best so far: contacts=23
[round 260] REMC best so far: contacts=23
[round 260] matched current best-known; continuing to seek record
[round 261] SA 128x200000 then REMC 12x16rep x 100ex x 2640steps remaining=1.1min
[round 261] SA best so far: contacts=23
[round 261] REMC best so far: contacts=23
[round 261] matched current best-known; continuing to seek record
[round 262] SA 128x200000 then REMC 12x16rep x 100ex x 2640steps remaining=1.1min
[round 262] SA best so far: contacts=23
[round 262] REMC best so far: contacts=23
[round 262] matched current best-known; continuing to seek record
[round 263] SA 128x200000 then REMC 12x16rep x 100ex x 2640steps remaining=1.0min
[round 263] SA best so far: contacts=23
[round 263] REMC best so far: contacts=23
[round 263] matched current best-known; continuing to seek record
[round 264] SA 128x200000 then REMC 12x16rep x 100ex x 2640steps remaining=1.0min
[round 264] SA best so far: contacts=23
[round 264] REMC best so far: contacts=23
[round 264] matched current best-known; continuing to seek record
[round 265] SA 128x200000 then REMC 12x16rep x 100ex x 2640steps remaining=0.9min
[round 265] SA best so far: contacts=23
[round 265] REMC best so far: contacts=23
[round 265] matched current best-known; continuing to seek record
[round 266] SA 128x200000 then REMC 12x16rep x 100ex x 2640steps remaining=0.8min
[round 266] SA best so far: contacts=23
[round 266] REMC best so far: contacts=23
[round 266] matched current best-known; continuing to seek record
[round 267] SA 128x200000 then REMC 12x16rep x 100ex x 2640steps remaining=0.8min
[round 267] SA best so far: contacts=23
[round 267] REMC best so far: contacts=23
[round 267] matched current best-known; continuing to seek record
[round 268] SA 128x200000 then REMC 12x16rep x 100ex x 2640steps remaining=0.7min
[round 268] SA best so far: contacts=23
[round 268] REMC best so far: contacts=23
[round 268] matched current best-known; continuing to seek record
[round 269] SA 128x200000 then REMC 12x16rep x 100ex x 2640steps remaining=0.7min
[round 269] SA best so far: contacts=23
[round 269] REMC best so far: contacts=23
[round 269] matched current best-known; continuing to seek record
[round 270] SA 128x200000 then REMC 12x16rep x 100ex x 2640steps remaining=0.6min
[round 270] SA best so far: contacts=23
[round 270] REMC best so far: contacts=23
[round 270] matched current best-known; continuing to seek record
[validate] valid fold: contacts=23, rg2=8.1102
[checkpoint] checkpoints/best_S5.json contacts=23 status=MATCHED_BEST_KNOWN
[submission] wrote results/S5_submission.json
[done] S5: contacts=23 target=23 status=MATCHED_BEST_KNOWN

==============================================================================
[solve] S6 length=50 target=21 budget=0.816h workers=16
==============================================================================
[round 1] SA 128x3526530 then REMC 12x16rep x 734ex x 2750steps remaining=49.0min
[round 1] SA improved: contacts=19
[checkpoint] checkpoints/best_S6.json contacts=19 status=GAP_2
[round 1] REMC best so far: contacts=19
[round 2] SA 128x3487289 then REMC 12x16rep x 726ex x 2750steps remaining=48.4min
[round 2] SA best so far: contacts=19
[round 2] REMC best so far: contacts=19
[round 3] SA 128x3448578 then REMC 12x16rep x 718ex x 2750steps remaining=47.9min
[round 3] SA best so far: contacts=19
[round 3] REMC best so far: contacts=19
[round 4] SA 128x3410127 then REMC 12x16rep x 710ex x 2750steps remaining=47.4min
[round 4] SA best so far: contacts=19
[round 4] REMC best so far: contacts=19
[round 5] SA 128x3372137 then REMC 12x16rep x 702ex x 2750steps remaining=46.8min
[round 5] SA best so far: contacts=19
[round 5] REMC best so far: contacts=19
[round 6] SA 128x3334598 then REMC 12x16rep x 694ex x 2750steps remaining=46.3min
[round 6] SA best so far: contacts=19
[round 6] REMC best so far: contacts=19
[round 7] SA 128x3297451 then REMC 12x16rep x 686ex x 2750steps remaining=45.8min
[round 7] SA best so far: contacts=19
[round 7] REMC best so far: contacts=19
[round 8] SA 128x3260666 then REMC 12x16rep x 679ex x 2750steps remaining=45.3min
[round 8] SA best so far: contacts=19
[round 8] REMC best so far: contacts=19
[round 9] SA 128x3224310 then REMC 12x16rep x 671ex x 2750steps remaining=44.8min
[round 9] SA best so far: contacts=19
[round 9] REMC best so far: contacts=19
[round 10] SA 128x3188487 then REMC 12x16rep x 664ex x 2750steps remaining=44.3min
[round 10] SA best so far: contacts=19
[round 10] REMC best so far: contacts=19
[round 11] SA 128x3152950 then REMC 12x16rep x 656ex x 2750steps remaining=43.8min
[round 11] SA best so far: contacts=19
[round 11] REMC best so far: contacts=19
[round 12] SA 128x3117749 then REMC 12x16rep x 649ex x 2750steps remaining=43.3min
[round 12] SA best so far: contacts=19
[round 12] REMC best so far: contacts=19
[round 13] SA 128x3082991 then REMC 12x16rep x 642ex x 2750steps remaining=42.8min
[round 13] SA best so far: contacts=19
[round 13] REMC best so far: contacts=19
[round 14] SA 128x3048580 then REMC 12x16rep x 635ex x 2750steps remaining=42.3min
[round 14] SA best so far: contacts=19
[round 14] REMC best so far: contacts=19
[round 15] SA 128x3014466 then REMC 12x16rep x 628ex x 2750steps remaining=41.9min
[round 15] SA best so far: contacts=19
[round 15] REMC best so far: contacts=19
[round 16] SA 128x2980808 then REMC 12x16rep x 621ex x 2750steps remaining=41.4min
[round 16] SA best so far: contacts=19
[round 16] REMC best so far: contacts=19
[round 17] SA 128x2947569 then REMC 12x16rep x 614ex x 2750steps remaining=40.9min
[round 17] SA best so far: contacts=19
[round 17] REMC best so far: contacts=19
[round 18] SA 128x2914673 then REMC 12x16rep x 607ex x 2750steps remaining=40.5min
[round 18] SA best so far: contacts=19
[round 18] REMC best so far: contacts=19
[round 19] SA 128x2882105 then REMC 12x16rep x 600ex x 2750steps remaining=40.0min
[round 19] SA best so far: contacts=19
[round 19] REMC best so far: contacts=19
[round 20] SA 128x2849962 then REMC 12x16rep x 593ex x 2750steps remaining=39.6min
[round 20] SA best so far: contacts=19
[round 20] REMC best so far: contacts=19
[round 21] SA 128x2818065 then REMC 12x16rep x 587ex x 2750steps remaining=39.1min
[round 21] SA best so far: contacts=19
[round 21] REMC best so far: contacts=19
[round 22] SA 128x2786624 then REMC 12x16rep x 580ex x 2750steps remaining=38.7min
[round 22] SA best so far: contacts=19
[round 22] REMC best so far: contacts=19
[round 23] SA 128x2755408 then REMC 12x16rep x 574ex x 2750steps remaining=38.3min
[round 23] SA best so far: contacts=19
[round 23] REMC best so far: contacts=19
[round 24] SA 128x2724397 then REMC 12x16rep x 567ex x 2750steps remaining=37.8min
[round 24] SA best so far: contacts=19
[round 24] REMC best so far: contacts=19
[round 25] SA 128x2693969 then REMC 12x16rep x 561ex x 2750steps remaining=37.4min
[round 25] SA best so far: contacts=19
[round 25] REMC best so far: contacts=19
[round 26] SA 128x2663856 then REMC 12x16rep x 554ex x 2750steps remaining=37.0min
[round 26] SA best so far: contacts=19
[round 26] REMC best so far: contacts=19
[round 27] SA 128x2634072 then REMC 12x16rep x 548ex x 2750steps remaining=36.6min
[round 27] SA best so far: contacts=19
[round 27] REMC best so far: contacts=19
[round 28] SA 128x2604645 then REMC 12x16rep x 542ex x 2750steps remaining=36.2min
[round 28] SA best so far: contacts=19
[round 28] REMC best so far: contacts=19
[round 29] SA 128x2575448 then REMC 12x16rep x 536ex x 2750steps remaining=35.8min
[round 29] SA best so far: contacts=19
[round 29] REMC best so far: contacts=19
[round 30] SA 128x2546530 then REMC 12x16rep x 530ex x 2750steps remaining=35.4min
[round 30] SA best so far: contacts=19
[round 30] REMC best so far: contacts=19
[round 31] SA 128x2518005 then REMC 12x16rep x 524ex x 2750steps remaining=35.0min
[round 31] SA best so far: contacts=19
[round 31] REMC best so far: contacts=19
[round 32] SA 128x2489955 then REMC 12x16rep x 518ex x 2750steps remaining=34.6min
[round 32] SA best so far: contacts=19
[round 32] REMC best so far: contacts=19
[round 33] SA 128x2462166 then REMC 12x16rep x 512ex x 2750steps remaining=34.2min
[round 33] SA best so far: contacts=19
[round 33] REMC best so far: contacts=19
[round 34] SA 128x2434587 then REMC 12x16rep x 507ex x 2750steps remaining=33.8min
[round 34] SA best so far: contacts=19
[round 34] REMC best so far: contacts=19
[round 35] SA 128x2407365 then REMC 12x16rep x 501ex x 2750steps remaining=33.4min
[round 35] SA best so far: contacts=19
[round 35] REMC best so far: contacts=19
[round 36] SA 128x2380499 then REMC 12x16rep x 495ex x 2750steps remaining=33.1min
[round 36] SA best so far: contacts=19
[round 36] REMC best so far: contacts=19
[round 37] SA 128x2353655 then REMC 12x16rep x 490ex x 2750steps remaining=32.7min
[round 37] SA best so far: contacts=19
[round 37] REMC best so far: contacts=19
[round 38] SA 128x2327342 then REMC 12x16rep x 484ex x 2750steps remaining=32.3min
[round 38] SA best so far: contacts=19
[round 38] REMC best so far: contacts=19
[round 39] SA 128x2301353 then REMC 12x16rep x 479ex x 2750steps remaining=32.0min
[round 39] SA best so far: contacts=19
[round 39] REMC best so far: contacts=19
[round 40] SA 128x2275572 then REMC 12x16rep x 474ex x 2750steps remaining=31.6min
[round 40] SA best so far: contacts=19
[round 40] REMC best so far: contacts=19
[round 41] SA 128x2250112 then REMC 12x16rep x 468ex x 2750steps remaining=31.3min
[round 41] SA best so far: contacts=19
[round 41] REMC best so far: contacts=19
[round 42] SA 128x2224968 then REMC 12x16rep x 463ex x 2750steps remaining=30.9min
[round 42] SA best so far: contacts=19
[round 42] REMC best so far: contacts=19
[round 43] SA 128x2200076 then REMC 12x16rep x 458ex x 2750steps remaining=30.6min
[round 43] SA best so far: contacts=19
[round 43] REMC best so far: contacts=19
[round 44] SA 128x2175421 then REMC 12x16rep x 453ex x 2750steps remaining=30.2min
[round 44] SA best so far: contacts=19
[round 44] REMC best so far: contacts=19
[round 45] SA 128x2151017 then REMC 12x16rep x 448ex x 2750steps remaining=29.9min
[round 45] SA best so far: contacts=19
[round 45] REMC best so far: contacts=19
[round 46] SA 128x2126962 then REMC 12x16rep x 443ex x 2750steps remaining=29.5min
[round 46] SA best so far: contacts=19
[round 46] REMC best so far: contacts=19
[round 47] SA 128x2103157 then REMC 12x16rep x 438ex x 2750steps remaining=29.2min
[round 47] SA best so far: contacts=19
[round 47] REMC best so far: contacts=19
[round 48] SA 128x2079559 then REMC 12x16rep x 433ex x 2750steps remaining=28.9min
[round 48] SA best so far: contacts=19
[round 48] REMC best so far: contacts=19
[round 49] SA 128x2056237 then REMC 12x16rep x 428ex x 2750steps remaining=28.6min
[round 49] SA best so far: contacts=19
[round 49] REMC best so far: contacts=19
[round 50] SA 128x2033144 then REMC 12x16rep x 423ex x 2750steps remaining=28.2min
[round 50] SA best so far: contacts=19
[round 50] REMC best so far: contacts=19
[round 51] SA 128x2010419 then REMC 12x16rep x 418ex x 2750steps remaining=27.9min
[round 51] SA best so far: contacts=19
[round 51] REMC best so far: contacts=19
[round 52] SA 128x1987945 then REMC 12x16rep x 414ex x 2750steps remaining=27.6min
[round 52] SA best so far: contacts=19
[round 52] REMC best so far: contacts=19
[round 53] SA 128x1965625 then REMC 12x16rep x 409ex x 2750steps remaining=27.3min
[round 53] SA best so far: contacts=19
[round 53] REMC best so far: contacts=19
[round 54] SA 128x1943555 then REMC 12x16rep x 404ex x 2750steps remaining=27.0min
[round 54] SA best so far: contacts=19
[round 54] REMC best so far: contacts=19
[round 55] SA 128x1921792 then REMC 12x16rep x 400ex x 2750steps remaining=26.7min
[round 55] SA best so far: contacts=19
[round 55] REMC best so far: contacts=19
[round 56] SA 128x1900213 then REMC 12x16rep x 395ex x 2750steps remaining=26.4min
[round 56] SA best so far: contacts=19
[round 56] REMC best so far: contacts=19
[round 57] SA 128x1878886 then REMC 12x16rep x 391ex x 2750steps remaining=26.1min
[round 57] SA best so far: contacts=19
[round 57] REMC best so far: contacts=19
[round 58] SA 128x1857786 then REMC 12x16rep x 387ex x 2750steps remaining=25.8min
[round 58] SA best so far: contacts=19
[round 58] REMC best so far: contacts=19
[round 59] SA 128x1836924 then REMC 12x16rep x 382ex x 2750steps remaining=25.5min
[round 59] SA best so far: contacts=19
[round 59] REMC best so far: contacts=19
[round 60] SA 128x1816327 then REMC 12x16rep x 378ex x 2750steps remaining=25.2min
[round 60] SA best so far: contacts=19
[round 60] REMC best so far: contacts=19
[round 61] SA 128x1795974 then REMC 12x16rep x 374ex x 2750steps remaining=24.9min
[round 61] SA best so far: contacts=19
[round 61] REMC best so far: contacts=19
[round 62] SA 128x1775809 then REMC 12x16rep x 369ex x 2750steps remaining=24.7min
[round 62] SA best so far: contacts=19
[round 62] REMC best so far: contacts=19
[round 63] SA 128x1755911 then REMC 12x16rep x 365ex x 2750steps remaining=24.4min
[round 63] SA best so far: contacts=19
[round 63] REMC best so far: contacts=19
[round 64] SA 128x1736140 then REMC 12x16rep x 361ex x 2750steps remaining=24.1min
[round 64] SA best so far: contacts=19
[round 64] REMC best so far: contacts=19
[round 65] SA 128x1716528 then REMC 12x16rep x 357ex x 2750steps remaining=23.8min
[round 65] SA best so far: contacts=19
[round 65] REMC best so far: contacts=19
[round 66] SA 128x1697185 then REMC 12x16rep x 353ex x 2750steps remaining=23.6min
[round 66] SA best so far: contacts=19
[round 66] REMC best so far: contacts=19
[round 67] SA 128x1677999 then REMC 12x16rep x 349ex x 2750steps remaining=23.3min
[round 67] SA best so far: contacts=19
[round 67] REMC best so far: contacts=19
[round 68] SA 128x1659085 then REMC 12x16rep x 345ex x 2750steps remaining=23.0min
[round 68] SA best so far: contacts=19
[round 68] REMC best so far: contacts=19
[round 69] SA 128x1640459 then REMC 12x16rep x 341ex x 2750steps remaining=22.8min
[round 69] SA best so far: contacts=19
[round 69] REMC best so far: contacts=19
[round 70] SA 128x1621982 then REMC 12x16rep x 337ex x 2750steps remaining=22.5min
[round 70] SA best so far: contacts=19
[round 70] REMC best so far: contacts=19
[round 71] SA 128x1603843 then REMC 12x16rep x 334ex x 2750steps remaining=22.3min
[round 71] SA best so far: contacts=19
[round 71] REMC best so far: contacts=19
[round 72] SA 128x1585843 then REMC 12x16rep x 330ex x 2750steps remaining=22.0min
[round 72] SA best so far: contacts=19
[round 72] REMC best so far: contacts=19
[round 73] SA 128x1567939 then REMC 12x16rep x 326ex x 2750steps remaining=21.8min
[round 73] SA best so far: contacts=19
[round 73] REMC best so far: contacts=19
[round 74] SA 128x1550333 then REMC 12x16rep x 322ex x 2750steps remaining=21.5min
[round 74] SA best so far: contacts=19
[round 74] REMC best so far: contacts=19
[round 75] SA 128x1532843 then REMC 12x16rep x 319ex x 2750steps remaining=21.3min
[round 75] SA best so far: contacts=19
[round 75] REMC best so far: contacts=19
[round 76] SA 128x1515582 then REMC 12x16rep x 315ex x 2750steps remaining=21.0min
[round 76] SA best so far: contacts=19
[round 76] REMC best so far: contacts=19
[round 77] SA 128x1498440 then REMC 12x16rep x 312ex x 2750steps remaining=20.8min
[round 77] SA best so far: contacts=19
[round 77] REMC best so far: contacts=19
[round 78] SA 128x1481543 then REMC 12x16rep x 308ex x 2750steps remaining=20.6min
[round 78] SA best so far: contacts=19
[round 78] REMC best so far: contacts=19
[round 79] SA 128x1464791 then REMC 12x16rep x 305ex x 2750steps remaining=20.3min
[round 79] SA best so far: contacts=19
[round 79] REMC best so far: contacts=19
[round 80] SA 128x1448270 then REMC 12x16rep x 301ex x 2750steps remaining=20.1min
[round 80] SA best so far: contacts=19
[round 80] REMC best so far: contacts=19
[round 81] SA 128x1432000 then REMC 12x16rep x 298ex x 2750steps remaining=19.9min
[round 81] SA best so far: contacts=19
[round 81] REMC best so far: contacts=19
[round 82] SA 128x1415924 then REMC 12x16rep x 294ex x 2750steps remaining=19.7min
[round 82] SA best so far: contacts=19
[round 82] REMC best so far: contacts=19
[round 83] SA 128x1399789 then REMC 12x16rep x 291ex x 2750steps remaining=19.4min
[round 83] SA best so far: contacts=19
[round 83] REMC best so far: contacts=19
[round 84] SA 128x1383968 then REMC 12x16rep x 288ex x 2750steps remaining=19.2min
[round 84] SA best so far: contacts=19
[round 84] REMC best so far: contacts=19
[round 85] SA 128x1368365 then REMC 12x16rep x 285ex x 2750steps remaining=19.0min
[round 85] SA best so far: contacts=19
[round 85] REMC best so far: contacts=19
[round 86] SA 128x1352937 then REMC 12x16rep x 281ex x 2750steps remaining=18.8min
[round 86] SA best so far: contacts=19
[round 86] REMC best so far: contacts=19
[round 87] SA 128x1337656 then REMC 12x16rep x 278ex x 2750steps remaining=18.6min
[round 87] SA best so far: contacts=19
[round 87] REMC best so far: contacts=19
[round 88] SA 128x1322546 then REMC 12x16rep x 275ex x 2750steps remaining=18.4min
[round 88] SA best so far: contacts=19
[round 88] REMC best so far: contacts=19
[round 89] SA 128x1307604 then REMC 12x16rep x 272ex x 2750steps remaining=18.2min
[round 89] SA best so far: contacts=19
[round 89] REMC best so far: contacts=19
[round 90] SA 128x1292849 then REMC 12x16rep x 269ex x 2750steps remaining=18.0min
[round 90] SA best so far: contacts=19
[round 90] REMC best so far: contacts=19
[round 91] SA 128x1278275 then REMC 12x16rep x 266ex x 2750steps remaining=17.8min
[round 91] SA best so far: contacts=19
[round 91] REMC best so far: contacts=19
[round 92] SA 128x1263831 then REMC 12x16rep x 263ex x 2750steps remaining=17.6min
[round 92] SA best so far: contacts=19
[round 92] REMC best so far: contacts=19
[round 93] SA 128x1249557 then REMC 12x16rep x 260ex x 2750steps remaining=17.4min
[round 93] SA best so far: contacts=19
[round 93] REMC best so far: contacts=19
[round 94] SA 128x1235390 then REMC 12x16rep x 257ex x 2750steps remaining=17.2min
[round 94] SA best so far: contacts=19
[round 94] REMC best so far: contacts=19
[round 95] SA 128x1221443 then REMC 12x16rep x 254ex x 2750steps remaining=17.0min
[round 95] SA best so far: contacts=19
[round 95] REMC best so far: contacts=19
[round 96] SA 128x1207549 then REMC 12x16rep x 251ex x 2750steps remaining=16.8min
[round 96] SA best so far: contacts=19
[round 96] REMC best so far: contacts=19
[round 97] SA 128x1193904 then REMC 12x16rep x 248ex x 2750steps remaining=16.6min
[round 97] SA best so far: contacts=19
[round 97] REMC best so far: contacts=19
[round 98] SA 128x1180429 then REMC 12x16rep x 245ex x 2750steps remaining=16.4min
[round 98] SA best so far: contacts=19
[round 98] REMC best so far: contacts=19
[round 99] SA 128x1167013 then REMC 12x16rep x 243ex x 2750steps remaining=16.2min
[round 99] SA best so far: contacts=19
[round 99] REMC best so far: contacts=19
[round 100] SA 128x1153798 then REMC 12x16rep x 240ex x 2750steps remaining=16.0min
[round 100] SA best so far: contacts=19
[round 100] REMC best so far: contacts=19
[round 101] SA 128x1140712 then REMC 12x16rep x 237ex x 2750steps remaining=15.8min
[round 101] SA best so far: contacts=19
[round 101] REMC best so far: contacts=19
[round 102] SA 128x1127794 then REMC 12x16rep x 234ex x 2750steps remaining=15.7min
[round 102] SA best so far: contacts=19
[round 102] REMC best so far: contacts=19
[round 103] SA 128x1115001 then REMC 12x16rep x 232ex x 2750steps remaining=15.5min
[round 103] SA best so far: contacts=19
[round 103] REMC best so far: contacts=19
[round 104] SA 128x1102203 then REMC 12x16rep x 229ex x 2750steps remaining=15.3min
[round 104] SA best so far: contacts=19
[round 104] REMC best so far: contacts=19
[round 105] SA 128x1089700 then REMC 12x16rep x 227ex x 2750steps remaining=15.1min
[round 105] SA best so far: contacts=19
[round 105] REMC best so far: contacts=19
[round 106] SA 128x1077367 then REMC 12x16rep x 224ex x 2750steps remaining=15.0min
[round 106] SA best so far: contacts=19
[round 106] REMC best so far: contacts=19
[round 107] SA 128x1065114 then REMC 12x16rep x 221ex x 2750steps remaining=14.8min
[round 107] SA best so far: contacts=19
[round 107] REMC best so far: contacts=19
[round 108] SA 128x1053027 then REMC 12x16rep x 219ex x 2750steps remaining=14.6min
[round 108] SA best so far: contacts=19
[round 108] REMC best so far: contacts=19
[round 109] SA 128x1040979 then REMC 12x16rep x 216ex x 2750steps remaining=14.5min
[round 109] SA best so far: contacts=19
[round 109] REMC best so far: contacts=19
[round 110] SA 128x1029183 then REMC 12x16rep x 214ex x 2750steps remaining=14.3min
[round 110] SA best so far: contacts=19
[round 110] REMC best so far: contacts=19
[round 111] SA 128x1017529 then REMC 12x16rep x 211ex x 2750steps remaining=14.1min
[round 111] SA best so far: contacts=19
[round 111] REMC best so far: contacts=19
[round 112] SA 128x1006002 then REMC 12x16rep x 209ex x 2750steps remaining=14.0min
[round 112] SA best so far: contacts=19
[round 112] REMC best so far: contacts=19
[round 113] SA 128x994561 then REMC 12x16rep x 207ex x 2750steps remaining=13.8min
[round 113] SA best so far: contacts=19
[round 113] REMC best so far: contacts=19
[round 114] SA 128x983209 then REMC 12x16rep x 204ex x 2750steps remaining=13.7min
[round 114] SA best so far: contacts=19
[round 114] REMC best so far: contacts=19
[round 115] SA 128x972035 then REMC 12x16rep x 202ex x 2750steps remaining=13.5min
[round 115] SA best so far: contacts=19
[round 115] REMC best so far: contacts=19
[round 116] SA 128x960912 then REMC 12x16rep x 200ex x 2750steps remaining=13.3min
[round 116] SA best so far: contacts=19
[round 116] REMC best so far: contacts=19
[round 117] SA 128x949948 then REMC 12x16rep x 197ex x 2750steps remaining=13.2min
[round 117] SA best so far: contacts=19
[round 117] REMC best so far: contacts=19
[round 118] SA 128x939029 then REMC 12x16rep x 195ex x 2750steps remaining=13.0min
[round 118] SA best so far: contacts=19
[round 118] REMC best so far: contacts=19
[round 119] SA 128x928353 then REMC 12x16rep x 193ex x 2750steps remaining=12.9min
[round 119] SA best so far: contacts=19
[round 119] REMC best so far: contacts=19
[round 120] SA 128x917681 then REMC 12x16rep x 191ex x 2750steps remaining=12.7min
[round 120] SA best so far: contacts=19
[round 120] REMC best so far: contacts=19
[round 121] SA 128x907213 then REMC 12x16rep x 189ex x 2750steps remaining=12.6min
[round 121] SA best so far: contacts=19
[round 121] REMC best so far: contacts=19
[round 122] SA 128x896796 then REMC 12x16rep x 186ex x 2750steps remaining=12.5min
[round 122] SA best so far: contacts=19
[round 122] REMC best so far: contacts=19
[round 123] SA 128x886624 then REMC 12x16rep x 184ex x 2750steps remaining=12.3min
[round 123] SA best so far: contacts=19
[round 123] REMC best so far: contacts=19
[round 124] SA 128x876489 then REMC 12x16rep x 182ex x 2750steps remaining=12.2min
[round 124] SA best so far: contacts=19
[round 124] REMC best so far: contacts=19
[round 125] SA 128x866465 then REMC 12x16rep x 180ex x 2750steps remaining=12.0min
[round 125] SA best so far: contacts=19
[round 125] REMC best so far: contacts=19
[round 126] SA 128x856576 then REMC 12x16rep x 178ex x 2750steps remaining=11.9min
[round 126] SA best so far: contacts=19
[round 126] REMC best so far: contacts=19
[round 127] SA 128x846846 then REMC 12x16rep x 176ex x 2750steps remaining=11.8min
[round 127] SA best so far: contacts=19
[round 127] REMC best so far: contacts=19
[round 128] SA 128x837143 then REMC 12x16rep x 174ex x 2750steps remaining=11.6min
[round 128] SA best so far: contacts=19
[round 128] REMC best so far: contacts=19
[round 129] SA 128x827599 then REMC 12x16rep x 172ex x 2750steps remaining=11.5min
[round 129] SA best so far: contacts=19
[round 129] REMC best so far: contacts=19
[round 130] SA 128x818169 then REMC 12x16rep x 170ex x 2750steps remaining=11.4min
[round 130] SA best so far: contacts=19
[round 130] REMC best so far: contacts=19
[round 131] SA 128x808809 then REMC 12x16rep x 168ex x 2750steps remaining=11.2min
[round 131] SA best so far: contacts=19
[round 131] REMC best so far: contacts=19
[round 132] SA 128x799562 then REMC 12x16rep x 166ex x 2750steps remaining=11.1min
[round 132] SA best so far: contacts=19
[round 132] REMC best so far: contacts=19
[round 133] SA 128x790378 then REMC 12x16rep x 164ex x 2750steps remaining=11.0min
[round 133] SA best so far: contacts=19
[round 133] REMC best so far: contacts=19
[round 134] SA 128x781359 then REMC 12x16rep x 162ex x 2750steps remaining=10.9min
[round 134] SA best so far: contacts=19
[round 134] REMC best so far: contacts=19
[round 135] SA 128x772454 then REMC 12x16rep x 160ex x 2750steps remaining=10.7min
[round 135] SA best so far: contacts=19
[round 135] REMC best so far: contacts=19
[round 136] SA 128x763645 then REMC 12x16rep x 159ex x 2750steps remaining=10.6min
[round 136] SA best so far: contacts=19
[round 136] REMC best so far: contacts=19
[round 137] SA 128x754889 then REMC 12x16rep x 157ex x 2750steps remaining=10.5min
[round 137] SA best so far: contacts=19
[round 137] REMC best so far: contacts=19
[round 138] SA 128x746095 then REMC 12x16rep x 155ex x 2750steps remaining=10.4min
[round 138] SA best so far: contacts=19
[round 138] REMC best so far: contacts=19
[round 139] SA 128x737543 then REMC 12x16rep x 153ex x 2750steps remaining=10.2min
[round 139] SA best so far: contacts=19
[round 139] REMC best so far: contacts=19
[round 140] SA 128x729092 then REMC 12x16rep x 151ex x 2750steps remaining=10.1min
[round 140] SA best so far: contacts=19
[round 140] REMC best so far: contacts=19
[round 141] SA 128x720694 then REMC 12x16rep x 150ex x 2750steps remaining=10.0min
[round 141] SA best so far: contacts=19
[round 141] REMC best so far: contacts=19
[round 142] SA 128x712420 then REMC 12x16rep x 148ex x 2750steps remaining=9.9min
[round 142] SA best so far: contacts=19
[round 142] REMC best so far: contacts=19
[round 143] SA 128x704220 then REMC 12x16rep x 146ex x 2750steps remaining=9.8min
[round 143] SA best so far: contacts=19
[round 143] REMC best so far: contacts=19
[round 144] SA 128x696132 then REMC 12x16rep x 145ex x 2750steps remaining=9.7min
[round 144] SA best so far: contacts=19
[round 144] REMC best so far: contacts=19
[round 145] SA 128x688157 then REMC 12x16rep x 143ex x 2750steps remaining=9.6min
[round 145] SA best so far: contacts=19
[round 145] REMC best so far: contacts=19
[round 146] SA 128x680279 then REMC 12x16rep x 141ex x 2750steps remaining=9.4min
[round 146] SA best so far: contacts=19
[round 146] REMC best so far: contacts=19
[round 147] SA 128x672463 then REMC 12x16rep x 140ex x 2750steps remaining=9.3min
[round 147] SA best so far: contacts=19
[round 147] REMC best so far: contacts=19
[round 148] SA 128x664703 then REMC 12x16rep x 138ex x 2750steps remaining=9.2min
[round 148] SA best so far: contacts=19
[round 148] REMC best so far: contacts=19
[round 149] SA 128x656958 then REMC 12x16rep x 136ex x 2750steps remaining=9.1min
[round 149] SA best so far: contacts=19
[round 149] REMC best so far: contacts=19
[round 150] SA 128x649342 then REMC 12x16rep x 135ex x 2750steps remaining=9.0min
[round 150] SA best so far: contacts=19
[round 150] REMC best so far: contacts=19
[round 151] SA 128x641864 then REMC 12x16rep x 133ex x 2750steps remaining=8.9min
[round 151] SA best so far: contacts=19
[round 151] REMC best so far: contacts=19
[round 152] SA 128x634438 then REMC 12x16rep x 132ex x 2750steps remaining=8.8min
[round 152] SA best so far: contacts=19
[round 152] REMC best so far: contacts=19
[round 153] SA 128x627066 then REMC 12x16rep x 130ex x 2750steps remaining=8.7min
[round 153] SA best so far: contacts=19
[round 153] REMC best so far: contacts=19
[round 154] SA 128x619809 then REMC 12x16rep x 129ex x 2750steps remaining=8.6min
[round 154] SA best so far: contacts=19
[round 154] REMC best so far: contacts=19
[round 155] SA 128x612658 then REMC 12x16rep x 127ex x 2750steps remaining=8.5min
[round 155] SA best so far: contacts=19
[round 155] REMC best so far: contacts=19
[round 156] SA 128x605570 then REMC 12x16rep x 126ex x 2750steps remaining=8.4min
[round 156] SA best so far: contacts=19
[round 156] REMC best so far: contacts=19
[round 157] SA 128x598554 then REMC 12x16rep x 124ex x 2750steps remaining=8.3min
[round 157] SA best so far: contacts=19
[round 157] REMC best so far: contacts=19
[round 158] SA 128x591615 then REMC 12x16rep x 123ex x 2750steps remaining=8.2min
[round 158] SA best so far: contacts=19
[round 158] REMC best so far: contacts=19
[round 159] SA 128x584717 then REMC 12x16rep x 121ex x 2750steps remaining=8.1min
[round 159] SA best so far: contacts=19
[round 159] REMC best so far: contacts=19
[round 160] SA 128x577891 then REMC 12x16rep x 120ex x 2750steps remaining=8.0min
[round 160] SA best so far: contacts=19
[round 160] REMC best so far: contacts=19
[round 161] SA 128x571184 then REMC 12x16rep x 118ex x 2750steps remaining=7.9min
[round 161] SA best so far: contacts=19
[round 161] REMC best so far: contacts=19
[round 162] SA 128x564606 then REMC 12x16rep x 117ex x 2750steps remaining=7.8min
[round 162] SA best so far: contacts=19
[round 162] REMC best so far: contacts=19
[round 163] SA 128x558081 then REMC 12x16rep x 116ex x 2750steps remaining=7.8min
[round 163] SA best so far: contacts=19
[round 163] REMC best so far: contacts=19
[round 164] SA 128x551569 then REMC 12x16rep x 114ex x 2750steps remaining=7.7min
[round 164] SA best so far: contacts=19
[round 164] REMC best so far: contacts=19
[round 165] SA 128x545136 then REMC 12x16rep x 113ex x 2750steps remaining=7.6min
[round 165] SA best so far: contacts=19
[round 165] REMC best so far: contacts=19
[round 166] SA 128x538770 then REMC 12x16rep x 112ex x 2750steps remaining=7.5min
[round 166] SA best so far: contacts=19
[round 166] REMC best so far: contacts=19
[round 167] SA 128x532481 then REMC 12x16rep x 110ex x 2750steps remaining=7.4min
[round 167] SA best so far: contacts=19
[round 167] REMC best so far: contacts=19
[round 168] SA 128x526280 then REMC 12x16rep x 109ex x 2750steps remaining=7.3min
[round 168] SA best so far: contacts=19
[round 168] REMC best so far: contacts=19
[round 169] SA 128x520111 then REMC 12x16rep x 108ex x 2750steps remaining=7.2min
[round 169] SA best so far: contacts=19
[round 169] REMC best so far: contacts=19
[round 170] SA 128x514057 then REMC 12x16rep x 107ex x 2750steps remaining=7.1min
[round 170] SA best so far: contacts=19
[round 170] REMC best so far: contacts=19
[round 171] SA 128x508070 then REMC 12x16rep x 105ex x 2750steps remaining=7.1min
[round 171] SA best so far: contacts=19
[round 171] REMC best so far: contacts=19
[round 172] SA 128x502128 then REMC 12x16rep x 104ex x 2750steps remaining=7.0min
[round 172] SA best so far: contacts=19
[round 172] REMC best so far: contacts=19
[round 173] SA 128x496289 then REMC 12x16rep x 103ex x 2750steps remaining=6.9min
[round 173] SA best so far: contacts=19
[round 173] REMC best so far: contacts=19
[round 174] SA 128x490472 then REMC 12x16rep x 102ex x 2750steps remaining=6.8min
[round 174] SA best so far: contacts=19
[round 174] REMC best so far: contacts=19
[round 175] SA 128x484747 then REMC 12x16rep x 100ex x 2750steps remaining=6.7min
[round 175] SA best so far: contacts=19
[round 175] REMC best so far: contacts=19
[round 176] SA 128x479101 then REMC 12x16rep x 100ex x 2750steps remaining=6.7min
[round 176] SA best so far: contacts=19
[round 176] REMC best so far: contacts=19
[round 177] SA 128x473490 then REMC 12x16rep x 100ex x 2750steps remaining=6.6min
[round 177] SA best so far: contacts=19
[round 177] REMC best so far: contacts=19
[round 178] SA 128x467901 then REMC 12x16rep x 100ex x 2750steps remaining=6.5min
[round 178] SA best so far: contacts=19
[round 178] REMC best so far: contacts=19
[round 179] SA 128x462350 then REMC 12x16rep x 100ex x 2750steps remaining=6.4min
[round 179] SA best so far: contacts=19
[round 179] REMC best so far: contacts=19
[round 180] SA 128x456801 then REMC 12x16rep x 100ex x 2750steps remaining=6.3min
[round 180] SA best so far: contacts=19
[round 180] REMC best so far: contacts=19
[round 181] SA 128x451300 then REMC 12x16rep x 100ex x 2750steps remaining=6.3min
[round 181] SA best so far: contacts=19
[round 181] REMC best so far: contacts=19
[round 182] SA 128x445852 then REMC 12x16rep x 100ex x 2750steps remaining=6.2min
[round 182] SA best so far: contacts=19
[round 182] REMC best so far: contacts=19
[round 183] SA 128x440433 then REMC 12x16rep x 100ex x 2750steps remaining=6.1min
[round 183] SA best so far: contacts=19
[round 183] REMC best so far: contacts=19
[round 184] SA 128x434997 then REMC 12x16rep x 100ex x 2750steps remaining=6.0min
[round 184] SA best so far: contacts=19
[round 184] REMC best so far: contacts=19
[round 185] SA 128x429576 then REMC 12x16rep x 100ex x 2750steps remaining=6.0min
[round 185] SA best so far: contacts=19
[round 185] REMC best so far: contacts=19
[round 186] SA 128x424228 then REMC 12x16rep x 100ex x 2750steps remaining=5.9min
[round 186] SA best so far: contacts=19
[round 186] REMC best so far: contacts=19
[round 187] SA 128x418903 then REMC 12x16rep x 100ex x 2750steps remaining=5.8min
[round 187] SA best so far: contacts=19
[round 187] REMC best so far: contacts=19
[round 188] SA 128x413595 then REMC 12x16rep x 100ex x 2750steps remaining=5.7min
[round 188] SA best so far: contacts=19
[round 188] REMC best so far: contacts=19
[round 189] SA 128x408342 then REMC 12x16rep x 100ex x 2750steps remaining=5.7min
[round 189] SA best so far: contacts=19
[round 189] REMC best so far: contacts=19
[round 190] SA 128x403092 then REMC 12x16rep x 100ex x 2750steps remaining=5.6min
[round 190] SA best so far: contacts=19
[round 190] REMC best so far: contacts=19
[round 191] SA 128x397897 then REMC 12x16rep x 100ex x 2750steps remaining=5.5min
[round 191] SA best so far: contacts=19
[round 191] REMC best so far: contacts=19
[round 192] SA 128x392717 then REMC 12x16rep x 100ex x 2750steps remaining=5.5min
[round 192] SA best so far: contacts=19
[round 192] REMC best so far: contacts=19
[round 193] SA 128x387556 then REMC 12x16rep x 100ex x 2750steps remaining=5.4min
[round 193] SA best so far: contacts=19
[round 193] REMC best so far: contacts=19
[round 194] SA 128x382432 then REMC 12x16rep x 100ex x 2750steps remaining=5.3min
[round 194] SA best so far: contacts=19
[round 194] REMC best so far: contacts=19
[round 195] SA 128x377317 then REMC 12x16rep x 100ex x 2750steps remaining=5.2min
[round 195] SA best so far: contacts=19
[round 195] REMC best so far: contacts=19
[round 196] SA 128x372220 then REMC 12x16rep x 100ex x 2750steps remaining=5.2min
[round 196] SA best so far: contacts=19
[round 196] REMC best so far: contacts=19
[round 197] SA 128x367165 then REMC 12x16rep x 100ex x 2750steps remaining=5.1min
[round 197] SA best so far: contacts=19
[round 197] REMC best so far: contacts=19
[round 198] SA 128x362143 then REMC 12x16rep x 100ex x 2750steps remaining=5.0min
[round 198] SA best so far: contacts=19
[round 198] REMC best so far: contacts=19
[round 199] SA 128x357140 then REMC 12x16rep x 100ex x 2750steps remaining=5.0min
[round 199] SA best so far: contacts=19
[round 199] REMC best so far: contacts=19
[round 200] SA 128x352176 then REMC 12x16rep x 100ex x 2750steps remaining=4.9min
[round 200] SA best so far: contacts=19
[round 200] REMC best so far: contacts=19
[round 201] SA 128x347221 then REMC 12x16rep x 100ex x 2750steps remaining=4.8min
[round 201] SA best so far: contacts=19
[round 201] REMC best so far: contacts=19
[round 202] SA 128x342314 then REMC 12x16rep x 100ex x 2750steps remaining=4.8min
[round 202] SA best so far: contacts=19
[round 202] REMC best so far: contacts=19
[round 203] SA 128x337392 then REMC 12x16rep x 100ex x 2750steps remaining=4.7min
[round 203] SA best so far: contacts=19
[round 203] REMC best so far: contacts=19
[round 204] SA 128x332551 then REMC 12x16rep x 100ex x 2750steps remaining=4.6min
[round 204] SA best so far: contacts=19
[round 204] REMC best so far: contacts=19
[round 205] SA 128x327689 then REMC 12x16rep x 100ex x 2750steps remaining=4.6min
[round 205] SA best so far: contacts=19
[round 205] REMC best so far: contacts=19
[round 206] SA 128x322853 then REMC 12x16rep x 100ex x 2750steps remaining=4.5min
[round 206] SA best so far: contacts=19
[round 206] REMC best so far: contacts=19
[round 207] SA 128x318075 then REMC 12x16rep x 100ex x 2750steps remaining=4.4min
[round 207] SA best so far: contacts=19
[round 207] REMC best so far: contacts=19
[round 208] SA 128x313304 then REMC 12x16rep x 100ex x 2750steps remaining=4.4min
[round 208] SA best so far: contacts=19
[round 208] REMC best so far: contacts=19
[round 209] SA 128x308562 then REMC 12x16rep x 100ex x 2750steps remaining=4.3min
[round 209] SA best so far: contacts=19
[round 209] REMC best so far: contacts=19
[round 210] SA 128x303853 then REMC 12x16rep x 100ex x 2750steps remaining=4.2min
[round 210] SA best so far: contacts=19
[round 210] REMC best so far: contacts=19
[round 211] SA 128x299165 then REMC 12x16rep x 100ex x 2750steps remaining=4.2min
[round 211] SA best so far: contacts=19
[round 211] REMC best so far: contacts=19
[round 212] SA 128x294485 then REMC 12x16rep x 100ex x 2750steps remaining=4.1min
[round 212] SA best so far: contacts=19
[round 212] REMC best so far: contacts=19
[round 213] SA 128x289854 then REMC 12x16rep x 100ex x 2750steps remaining=4.0min
[round 213] SA best so far: contacts=19
[round 213] REMC best so far: contacts=19
[round 214] SA 128x285243 then REMC 12x16rep x 100ex x 2750steps remaining=4.0min
[round 214] SA best so far: contacts=19
[round 214] REMC best so far: contacts=19
[round 215] SA 128x280673 then REMC 12x16rep x 100ex x 2750steps remaining=3.9min
[round 215] SA best so far: contacts=19
[round 215] REMC best so far: contacts=19
[round 216] SA 128x276103 then REMC 12x16rep x 100ex x 2750steps remaining=3.8min
[round 216] SA best so far: contacts=19
[round 216] REMC best so far: contacts=19
[round 217] SA 128x271559 then REMC 12x16rep x 100ex x 2750steps remaining=3.8min
[round 217] SA best so far: contacts=19
[round 217] REMC best so far: contacts=19
[round 218] SA 128x266987 then REMC 12x16rep x 100ex x 2750steps remaining=3.7min
[round 218] SA best so far: contacts=19
[round 218] REMC best so far: contacts=19
[round 219] SA 128x262497 then REMC 12x16rep x 100ex x 2750steps remaining=3.6min
[round 219] SA best so far: contacts=19
[round 219] REMC best so far: contacts=19
[round 220] SA 128x258037 then REMC 12x16rep x 100ex x 2750steps remaining=3.6min
[round 220] SA best so far: contacts=19
[round 220] REMC best so far: contacts=19
[round 221] SA 128x253604 then REMC 12x16rep x 100ex x 2750steps remaining=3.5min
[round 221] SA best so far: contacts=19
[round 221] REMC best so far: contacts=19
[round 222] SA 128x249195 then REMC 12x16rep x 100ex x 2750steps remaining=3.5min
[round 222] SA best so far: contacts=19
[round 222] REMC best so far: contacts=19
[round 223] SA 128x244815 then REMC 12x16rep x 100ex x 2750steps remaining=3.4min
[round 223] SA best so far: contacts=19
[round 223] REMC best so far: contacts=19
[round 224] SA 128x240463 then REMC 12x16rep x 100ex x 2750steps remaining=3.3min
[round 224] SA best so far: contacts=19
[round 224] REMC best so far: contacts=19
[round 225] SA 128x236051 then REMC 12x16rep x 100ex x 2750steps remaining=3.3min
[round 225] SA best so far: contacts=19
[round 225] REMC best so far: contacts=19
[round 226] SA 128x231671 then REMC 12x16rep x 100ex x 2750steps remaining=3.2min
[round 226] SA best so far: contacts=19
[round 226] REMC best so far: contacts=19
[round 227] SA 128x227361 then REMC 12x16rep x 100ex x 2750steps remaining=3.2min
[round 227] SA best so far: contacts=19
[round 227] REMC best so far: contacts=19
[round 228] SA 128x223087 then REMC 12x16rep x 100ex x 2750steps remaining=3.1min
[round 228] SA best so far: contacts=19
[round 228] REMC best so far: contacts=19
[round 229] SA 128x218822 then REMC 12x16rep x 100ex x 2750steps remaining=3.0min
[round 229] SA best so far: contacts=19
[round 229] REMC best so far: contacts=19
[round 230] SA 128x214557 then REMC 12x16rep x 100ex x 2750steps remaining=3.0min
[round 230] SA best so far: contacts=19
[round 230] REMC best so far: contacts=19
[round 231] SA 128x210344 then REMC 12x16rep x 100ex x 2750steps remaining=2.9min
[round 231] SA best so far: contacts=19
[round 231] REMC best so far: contacts=19
[round 232] SA 128x206157 then REMC 12x16rep x 100ex x 2750steps remaining=2.9min
[round 232] SA best so far: contacts=19
[round 232] REMC best so far: contacts=19
[round 233] SA 128x201978 then REMC 12x16rep x 100ex x 2750steps remaining=2.8min
[round 233] SA best so far: contacts=19
[round 233] REMC best so far: contacts=19
[round 234] SA 128x200000 then REMC 12x16rep x 100ex x 2750steps remaining=2.7min
[round 234] SA best so far: contacts=19
[round 234] REMC best so far: contacts=19
[round 235] SA 128x200000 then REMC 12x16rep x 100ex x 2750steps remaining=2.7min
[round 235] SA best so far: contacts=19
[round 235] REMC best so far: contacts=19
[round 236] SA 128x200000 then REMC 12x16rep x 100ex x 2750steps remaining=2.6min
[round 236] SA best so far: contacts=19
[round 236] REMC best so far: contacts=19
[round 237] SA 128x200000 then REMC 12x16rep x 100ex x 2750steps remaining=2.6min
[round 237] SA best so far: contacts=19
[round 237] REMC best so far: contacts=19
[round 238] SA 128x200000 then REMC 12x16rep x 100ex x 2750steps remaining=2.5min
[round 238] SA best so far: contacts=19
[round 238] REMC best so far: contacts=19
[round 239] SA 128x200000 then REMC 12x16rep x 100ex x 2750steps remaining=2.5min
[round 239] SA best so far: contacts=19
[round 239] REMC best so far: contacts=19
[round 240] SA 128x200000 then REMC 12x16rep x 100ex x 2750steps remaining=2.4min
[round 240] SA best so far: contacts=19
[round 240] REMC best so far: contacts=19
[round 241] SA 128x200000 then REMC 12x16rep x 100ex x 2750steps remaining=2.3min
[round 241] SA best so far: contacts=19
[round 241] REMC best so far: contacts=19
[round 242] SA 128x200000 then REMC 12x16rep x 100ex x 2750steps remaining=2.3min
[round 242] SA best so far: contacts=19
[round 242] REMC best so far: contacts=19
[round 243] SA 128x200000 then REMC 12x16rep x 100ex x 2750steps remaining=2.2min
[round 243] SA best so far: contacts=19
[round 243] REMC best so far: contacts=19
[round 244] SA 128x200000 then REMC 12x16rep x 100ex x 2750steps remaining=2.2min
[round 244] SA best so far: contacts=19
[round 244] REMC best so far: contacts=19
[round 245] SA 128x200000 then REMC 12x16rep x 100ex x 2750steps remaining=2.1min
[round 245] SA best so far: contacts=19
[round 245] REMC best so far: contacts=19
[round 246] SA 128x200000 then REMC 12x16rep x 100ex x 2750steps remaining=2.1min
[round 246] SA best so far: contacts=19
[round 246] REMC best so far: contacts=19
[round 247] SA 128x200000 then REMC 12x16rep x 100ex x 2750steps remaining=2.0min
[round 247] SA best so far: contacts=19
[round 247] REMC best so far: contacts=19
[round 248] SA 128x200000 then REMC 12x16rep x 100ex x 2750steps remaining=1.9min
[round 248] SA best so far: contacts=19
[round 248] REMC best so far: contacts=19
[round 249] SA 128x200000 then REMC 12x16rep x 100ex x 2750steps remaining=1.9min
[round 249] SA best so far: contacts=19
[round 249] REMC best so far: contacts=19
[round 250] SA 128x200000 then REMC 12x16rep x 100ex x 2750steps remaining=1.8min
[round 250] SA best so far: contacts=19
[round 250] REMC best so far: contacts=19
[round 251] SA 128x200000 then REMC 12x16rep x 100ex x 2750steps remaining=1.8min
[round 251] SA best so far: contacts=19
[round 251] REMC best so far: contacts=19
[round 252] SA 128x200000 then REMC 12x16rep x 100ex x 2750steps remaining=1.7min
[round 252] SA best so far: contacts=19
[round 252] REMC best so far: contacts=19
[round 253] SA 128x200000 then REMC 12x16rep x 100ex x 2750steps remaining=1.7min
[round 253] SA best so far: contacts=19
[round 253] REMC best so far: contacts=19
[round 254] SA 128x200000 then REMC 12x16rep x 100ex x 2750steps remaining=1.6min
[round 254] SA best so far: contacts=19
[round 254] REMC best so far: contacts=19
[round 255] SA 128x200000 then REMC 12x16rep x 100ex x 2750steps remaining=1.5min
[round 255] SA best so far: contacts=19
[round 255] REMC best so far: contacts=19
[round 256] SA 128x200000 then REMC 12x16rep x 100ex x 2750steps remaining=1.5min
[round 256] SA best so far: contacts=19
[round 256] REMC best so far: contacts=19
[round 257] SA 128x200000 then REMC 12x16rep x 100ex x 2750steps remaining=1.4min
[round 257] SA best so far: contacts=19
[round 257] REMC best so far: contacts=19
[round 258] SA 128x200000 then REMC 12x16rep x 100ex x 2750steps remaining=1.4min
[round 258] SA best so far: contacts=19
[round 258] REMC best so far: contacts=19
[round 259] SA 128x200000 then REMC 12x16rep x 100ex x 2750steps remaining=1.3min
[round 259] SA best so far: contacts=19
[round 259] REMC best so far: contacts=19
[round 260] SA 128x200000 then REMC 12x16rep x 100ex x 2750steps remaining=1.3min
[round 260] SA best so far: contacts=19
[round 260] REMC best so far: contacts=19
[round 261] SA 128x200000 then REMC 12x16rep x 100ex x 2750steps remaining=1.2min
[round 261] SA best so far: contacts=19
[round 261] REMC best so far: contacts=19
[round 262] SA 128x200000 then REMC 12x16rep x 100ex x 2750steps remaining=1.1min
[round 262] SA best so far: contacts=19
[round 262] REMC best so far: contacts=19
[round 263] SA 128x200000 then REMC 12x16rep x 100ex x 2750steps remaining=1.1min
[round 263] SA best so far: contacts=19
[round 263] REMC best so far: contacts=19
[round 264] SA 128x200000 then REMC 12x16rep x 100ex x 2750steps remaining=1.0min
[round 264] SA best so far: contacts=19
[round 264] REMC best so far: contacts=19
[round 265] SA 128x200000 then REMC 12x16rep x 100ex x 2750steps remaining=1.0min
[round 265] SA best so far: contacts=19
[round 265] REMC best so far: contacts=19
[round 266] SA 128x200000 then REMC 12x16rep x 100ex x 2750steps remaining=0.9min
[round 266] SA best so far: contacts=19
[round 266] REMC best so far: contacts=19
[round 267] SA 128x200000 then REMC 12x16rep x 100ex x 2750steps remaining=0.8min
[round 267] SA best so far: contacts=19
[round 267] REMC best so far: contacts=19
[round 268] SA 128x200000 then REMC 12x16rep x 100ex x 2750steps remaining=0.8min
[round 268] SA best so far: contacts=19
[round 268] REMC best so far: contacts=19
[round 269] SA 128x200000 then REMC 12x16rep x 100ex x 2750steps remaining=0.7min
[round 269] SA best so far: contacts=19
[round 269] REMC best so far: contacts=19
[round 270] SA 128x200000 then REMC 12x16rep x 100ex x 2750steps remaining=0.7min
[round 270] SA best so far: contacts=19
[round 270] REMC best so far: contacts=19
[round 271] SA 128x200000 then REMC 12x16rep x 100ex x 2750steps remaining=0.6min
[round 271] SA best so far: contacts=19
[round 271] REMC best so far: contacts=19
[validate] valid fold: contacts=19, rg2=10.4340
[checkpoint] checkpoints/best_S6.json contacts=19 status=GAP_2
[submission] wrote results/S6_submission.json
[done] S6: contacts=19 target=21 status=GAP_2

==============================================================================
[solve] S7 length=60 target=36 budget=1.122h workers=16
==============================================================================
[round 1] SA 128x4000000 then REMC 12x20rep x 1010ex x 3300steps remaining=67.3min
[round 1] SA improved: contacts=34
[checkpoint] checkpoints/best_S7.json contacts=34 status=GAP_2
[round 1] REMC best so far: contacts=34
[round 2] SA 128x4000000 then REMC 12x20rep x 990ex x 3300steps remaining=66.0min
[round 2] SA best so far: contacts=34
[round 2] REMC best so far: contacts=34
[round 3] SA 128x4000000 then REMC 12x20rep x 970ex x 3300steps remaining=64.7min
[round 3] SA best so far: contacts=34
[round 3] REMC best so far: contacts=34
[round 4] SA 128x4000000 then REMC 12x20rep x 950ex x 3300steps remaining=63.4min
[round 4] SA best so far: contacts=34
[round 4] REMC best so far: contacts=34
[round 5] SA 128x4000000 then REMC 12x20rep x 931ex x 3300steps remaining=62.1min
[round 5] SA best so far: contacts=34
[round 5] REMC best so far: contacts=34
[round 6] SA 128x4000000 then REMC 12x20rep x 912ex x 3300steps remaining=60.8min
[round 6] SA best so far: contacts=34
[round 6] REMC best so far: contacts=34
[round 7] SA 128x4000000 then REMC 12x20rep x 893ex x 3300steps remaining=59.6min
[round 7] SA best so far: contacts=34
[round 7] REMC best so far: contacts=34
[round 8] SA 128x4000000 then REMC 12x20rep x 875ex x 3300steps remaining=58.3min
[round 8] SA improved: contacts=35
[checkpoint] checkpoints/best_S7.json contacts=35 status=GAP_1
[round 8] REMC best so far: contacts=35
[round 9] SA 128x4000000 then REMC 12x20rep x 856ex x 3300steps remaining=57.1min
[round 9] SA best so far: contacts=35
[round 9] REMC best so far: contacts=35
[round 10] SA 128x4000000 then REMC 12x20rep x 838ex x 3300steps remaining=55.9min
[round 10] SA best so far: contacts=35
[round 10] REMC best so far: contacts=35
[round 11] SA 128x3941956 then REMC 12x20rep x 821ex x 3300steps remaining=54.7min
[round 11] SA best so far: contacts=35
[round 11] REMC best so far: contacts=35
[round 12] SA 128x3858314 then REMC 12x20rep x 803ex x 3300steps remaining=53.6min
[round 12] SA best so far: contacts=35
[round 12] REMC best so far: contacts=35
[round 13] SA 128x3776289 then REMC 12x20rep x 786ex x 3300steps remaining=52.4min
[round 13] SA best so far: contacts=35
[round 13] REMC best so far: contacts=35
[round 14] SA 128x3695850 then REMC 12x20rep x 769ex x 3300steps remaining=51.3min
[round 14] SA best so far: contacts=35
[round 14] REMC best so far: contacts=35
[round 15] SA 128x3617579 then REMC 12x20rep x 753ex x 3300steps remaining=50.2min
[round 15] SA best so far: contacts=35
[round 15] REMC best so far: contacts=35
[round 16] SA 128x3540907 then REMC 12x20rep x 737ex x 3300steps remaining=49.2min
[round 16] SA best so far: contacts=35
[round 16] REMC best so far: contacts=35
[round 17] SA 128x3465655 then REMC 12x20rep x 722ex x 3300steps remaining=48.1min
[round 17] SA best so far: contacts=35
[round 17] REMC best so far: contacts=35
[round 18] SA 128x3391955 then REMC 12x20rep x 706ex x 3300steps remaining=47.1min
[round 18] SA best so far: contacts=35
[round 18] REMC best so far: contacts=35
[round 19] SA 128x3319938 then REMC 12x20rep x 691ex x 3300steps remaining=46.1min
[round 19] SA best so far: contacts=35
[round 19] REMC best so far: contacts=35
[round 20] SA 128x3249456 then REMC 12x20rep x 676ex x 3300steps remaining=45.1min
[round 20] SA best so far: contacts=35
[round 20] REMC best so far: contacts=35
[round 21] SA 128x3180451 then REMC 12x20rep x 662ex x 3300steps remaining=44.2min
[round 21] SA best so far: contacts=35
[round 21] REMC best so far: contacts=35
[round 22] SA 128x3112788 then REMC 12x20rep x 648ex x 3300steps remaining=43.2min
[round 22] SA best so far: contacts=35
[round 22] REMC best so far: contacts=35
[round 23] SA 128x3046662 then REMC 12x20rep x 634ex x 3300steps remaining=42.3min
[round 23] SA best so far: contacts=35
[round 23] REMC best so far: contacts=35
[round 24] SA 128x2981894 then REMC 12x20rep x 621ex x 3300steps remaining=41.4min
[round 24] SA best so far: contacts=35
[round 24] REMC best so far: contacts=35
[round 25] SA 128x2918521 then REMC 12x20rep x 608ex x 3300steps remaining=40.5min
[round 25] SA best so far: contacts=35
[round 25] REMC best so far: contacts=35
[round 26] SA 128x2856322 then REMC 12x20rep x 595ex x 3300steps remaining=39.7min
[round 26] SA best so far: contacts=35
[round 26] REMC best so far: contacts=35
[round 27] SA 128x2795584 then REMC 12x20rep x 582ex x 3300steps remaining=38.8min
[round 27] SA best so far: contacts=35
[round 27] REMC best so far: contacts=35
[round 28] SA 128x2736079 then REMC 12x20rep x 570ex x 3300steps remaining=38.0min
[round 28] SA best so far: contacts=35
[round 28] REMC best so far: contacts=35
[round 29] SA 128x2677820 then REMC 12x20rep x 557ex x 3300steps remaining=37.2min
[round 29] SA best so far: contacts=35
[round 29] REMC best so far: contacts=35
[round 30] SA 128x2620838 then REMC 12x20rep x 546ex x 3300steps remaining=36.4min
[round 30] SA best so far: contacts=35
[round 30] REMC best so far: contacts=35
[round 31] SA 128x2564954 then REMC 12x20rep x 534ex x 3300steps remaining=35.6min
[round 31] SA best so far: contacts=35
[round 31] REMC best so far: contacts=35
[round 32] SA 128x2510013 then REMC 12x20rep x 522ex x 3300steps remaining=34.9min
[round 32] SA best so far: contacts=35
[round 32] REMC best so far: contacts=35
[round 33] SA 128x2456558 then REMC 12x20rep x 511ex x 3300steps remaining=34.1min
[round 33] SA best so far: contacts=35
[round 33] REMC best so far: contacts=35
[round 34] SA 128x2404144 then REMC 12x20rep x 500ex x 3300steps remaining=33.4min
[round 34] SA best so far: contacts=35
[round 34] REMC best so far: contacts=35
[round 35] SA 128x2352930 then REMC 12x20rep x 490ex x 3300steps remaining=32.7min
[round 35] SA best so far: contacts=35
[round 35] REMC best so far: contacts=35
[round 36] SA 128x2302643 then REMC 12x20rep x 479ex x 3300steps remaining=32.0min
[round 36] SA best so far: contacts=35
[round 36] REMC best so far: contacts=35
[round 37] SA 128x2253267 then REMC 12x20rep x 469ex x 3300steps remaining=31.3min
[round 37] SA best so far: contacts=35
[round 37] REMC best so far: contacts=35
[round 38] SA 128x2205110 then REMC 12x20rep x 459ex x 3300steps remaining=30.6min
[round 38] SA best so far: contacts=35
[round 38] REMC best so far: contacts=35
[round 39] SA 128x2157997 then REMC 12x20rep x 449ex x 3300steps remaining=30.0min
[round 39] SA best so far: contacts=35
[round 39] REMC best so far: contacts=35
[round 40] SA 128x2111879 then REMC 12x20rep x 439ex x 3300steps remaining=29.3min
[round 40] SA best so far: contacts=35
[round 40] REMC best so far: contacts=35
[round 41] SA 128x2066835 then REMC 12x20rep x 430ex x 3300steps remaining=28.7min
[round 41] SA best so far: contacts=35
[round 41] REMC best so far: contacts=35
[round 42] SA 128x2022837 then REMC 12x20rep x 421ex x 3300steps remaining=28.1min
[round 42] SA best so far: contacts=35
[round 42] REMC best so far: contacts=35
[round 43] SA 128x1979372 then REMC 12x20rep x 412ex x 3300steps remaining=27.5min
[round 43] SA best so far: contacts=35
[round 43] REMC best so far: contacts=35
[round 44] SA 128x1937031 then REMC 12x20rep x 403ex x 3300steps remaining=26.9min
[round 44] SA best so far: contacts=35
[round 44] REMC best so far: contacts=35
[round 45] SA 128x1895554 then REMC 12x20rep x 394ex x 3300steps remaining=26.3min
[round 45] SA best so far: contacts=35
[round 45] REMC best so far: contacts=35
[round 46] SA 128x1854977 then REMC 12x20rep x 386ex x 3300steps remaining=25.8min
[round 46] SA best so far: contacts=35
[round 46] REMC best so far: contacts=35
[round 47] SA 128x1815142 then REMC 12x20rep x 378ex x 3300steps remaining=25.2min
[round 47] SA best so far: contacts=35
[round 47] REMC best so far: contacts=35
[round 48] SA 128x1776230 then REMC 12x20rep x 370ex x 3300steps remaining=24.7min
[round 48] SA best so far: contacts=35
[round 48] REMC best so far: contacts=35
[round 49] SA 128x1737981 then REMC 12x20rep x 362ex x 3300steps remaining=24.1min
[round 49] SA best so far: contacts=35
[round 49] REMC best so far: contacts=35
[round 50] SA 128x1700762 then REMC 12x20rep x 354ex x 3300steps remaining=23.6min
[round 50] SA best so far: contacts=35
[round 50] REMC best so far: contacts=35
[round 51] SA 128x1664317 then REMC 12x20rep x 346ex x 3300steps remaining=23.1min
[round 51] SA best so far: contacts=35
[round 51] REMC best so far: contacts=35
[round 52] SA 128x1628651 then REMC 12x20rep x 339ex x 3300steps remaining=22.6min
[round 52] SA best so far: contacts=35
[round 52] REMC best so far: contacts=35
[round 53] SA 128x1593643 then REMC 12x20rep x 332ex x 3300steps remaining=22.1min
[round 53] SA best so far: contacts=35
[round 53] REMC best so far: contacts=35
[round 54] SA 128x1559453 then REMC 12x20rep x 324ex x 3300steps remaining=21.7min
[round 54] SA best so far: contacts=35
[round 54] REMC best so far: contacts=35
[round 55] SA 128x1525901 then REMC 12x20rep x 317ex x 3300steps remaining=21.2min
[round 55] SA best so far: contacts=35
[round 55] REMC best so far: contacts=35
[round 56] SA 128x1493134 then REMC 12x20rep x 311ex x 3300steps remaining=20.7min
[round 56] SA best so far: contacts=35
[round 56] REMC best so far: contacts=35
[round 57] SA 128x1460906 then REMC 12x20rep x 304ex x 3300steps remaining=20.3min
[round 57] SA best so far: contacts=35
[round 57] REMC best so far: contacts=35
[round 58] SA 128x1429442 then REMC 12x20rep x 297ex x 3300steps remaining=19.9min
[round 58] SA best so far: contacts=35
[round 58] REMC best so far: contacts=35
[round 59] SA 128x1398709 then REMC 12x20rep x 291ex x 3300steps remaining=19.4min
[round 59] SA best so far: contacts=35
[round 59] REMC best so far: contacts=35
[round 60] SA 128x1368624 then REMC 12x20rep x 285ex x 3300steps remaining=19.0min
[round 60] SA best so far: contacts=35
[round 60] REMC best so far: contacts=35
[round 61] SA 128x1339212 then REMC 12x20rep x 279ex x 3300steps remaining=18.6min
[round 61] SA best so far: contacts=35
[round 61] REMC best so far: contacts=35
[round 62] SA 128x1310447 then REMC 12x20rep x 273ex x 3300steps remaining=18.2min
[round 62] SA best so far: contacts=35
[round 62] REMC best so far: contacts=35
[round 63] SA 128x1282306 then REMC 12x20rep x 267ex x 3300steps remaining=17.8min
[round 63] SA best so far: contacts=35
[round 63] REMC best so far: contacts=35
[round 64] SA 128x1254677 then REMC 12x20rep x 261ex x 3300steps remaining=17.4min
[round 64] SA best so far: contacts=35
[round 64] REMC best so far: contacts=35
[round 65] SA 128x1227294 then REMC 12x20rep x 255ex x 3300steps remaining=17.0min
[round 65] SA best so far: contacts=35
[round 65] REMC best so far: contacts=35
[round 66] SA 128x1200853 then REMC 12x20rep x 250ex x 3300steps remaining=16.7min
[round 66] SA best so far: contacts=35
[round 66] REMC best so far: contacts=35
[round 67] SA 128x1174946 then REMC 12x20rep x 244ex x 3300steps remaining=16.3min
[round 67] SA best so far: contacts=35
[round 67] REMC best so far: contacts=35
[round 68] SA 128x1149603 then REMC 12x20rep x 239ex x 3300steps remaining=16.0min
[round 68] SA best so far: contacts=35
[round 68] REMC best so far: contacts=35
[round 69] SA 128x1124786 then REMC 12x20rep x 234ex x 3300steps remaining=15.6min
[round 69] SA best so far: contacts=35
[round 69] REMC best so far: contacts=35
[round 70] SA 128x1100455 then REMC 12x20rep x 229ex x 3300steps remaining=15.3min
[round 70] SA best so far: contacts=35
[round 70] REMC best so far: contacts=35
[round 71] SA 128x1076592 then REMC 12x20rep x 224ex x 3300steps remaining=15.0min
[round 71] SA best so far: contacts=35
[round 71] REMC best so far: contacts=35
[round 72] SA 128x1053331 then REMC 12x20rep x 219ex x 3300steps remaining=14.6min
[round 72] SA best so far: contacts=35
[round 72] REMC best so far: contacts=35
[round 73] SA 128x1030603 then REMC 12x20rep x 214ex x 3300steps remaining=14.3min
[round 73] SA best so far: contacts=35
[round 73] REMC best so far: contacts=35
[round 74] SA 128x1008367 then REMC 12x20rep x 210ex x 3300steps remaining=14.0min
[round 74] SA best so far: contacts=35
[round 74] REMC best so far: contacts=35
[round 75] SA 128x986549 then REMC 12x20rep x 205ex x 3300steps remaining=13.7min
[round 75] SA best so far: contacts=35
[round 75] REMC best so far: contacts=35
[round 76] SA 128x965227 then REMC 12x20rep x 201ex x 3300steps remaining=13.4min
[round 76] SA best so far: contacts=35
[round 76] REMC best so far: contacts=35
[round 77] SA 128x944327 then REMC 12x20rep x 196ex x 3300steps remaining=13.1min
[round 77] SA best so far: contacts=35
[round 77] REMC best so far: contacts=35
[round 78] SA 128x923921 then REMC 12x20rep x 192ex x 3300steps remaining=12.8min
[round 78] SA best so far: contacts=35
[round 78] REMC best so far: contacts=35
[round 79] SA 128x903930 then REMC 12x20rep x 188ex x 3300steps remaining=12.6min
[round 79] SA best so far: contacts=35
[round 79] REMC best so far: contacts=35
[round 80] SA 128x884391 then REMC 12x20rep x 184ex x 3300steps remaining=12.3min
[round 80] SA best so far: contacts=35
[round 80] REMC best so far: contacts=35
[round 81] SA 128x865205 then REMC 12x20rep x 180ex x 3300steps remaining=12.0min
[round 81] SA best so far: contacts=35
[round 81] REMC best so far: contacts=35
[round 82] SA 128x846462 then REMC 12x20rep x 176ex x 3300steps remaining=11.8min
[round 82] SA best so far: contacts=35
[round 82] REMC best so far: contacts=35
[round 83] SA 128x828169 then REMC 12x20rep x 172ex x 3300steps remaining=11.5min
[round 83] SA best so far: contacts=35
[round 83] REMC best so far: contacts=35
[round 84] SA 128x810232 then REMC 12x20rep x 168ex x 3300steps remaining=11.3min
[round 84] SA best so far: contacts=35
[round 84] REMC best so far: contacts=35
[round 85] SA 128x792671 then REMC 12x20rep x 165ex x 3300steps remaining=11.0min
[round 85] SA best so far: contacts=35
[round 85] REMC best so far: contacts=35
[round 86] SA 128x775329 then REMC 12x20rep x 161ex x 3300steps remaining=10.8min
[round 86] SA best so far: contacts=35
[round 86] REMC best so far: contacts=35
[round 87] SA 128x758521 then REMC 12x20rep x 158ex x 3300steps remaining=10.5min
[round 87] SA best so far: contacts=35
[round 87] REMC best so far: contacts=35
[round 88] SA 128x742040 then REMC 12x20rep x 154ex x 3300steps remaining=10.3min
[round 88] SA best so far: contacts=35
[round 88] REMC best so far: contacts=35
[round 89] SA 128x725915 then REMC 12x20rep x 151ex x 3300steps remaining=10.1min
[round 89] SA best so far: contacts=35
[round 89] REMC best so far: contacts=35
[round 90] SA 128x710087 then REMC 12x20rep x 147ex x 3300steps remaining=9.9min
[round 90] SA best so far: contacts=35
[round 90] REMC best so far: contacts=35
[round 91] SA 128x694671 then REMC 12x20rep x 144ex x 3300steps remaining=9.6min
[round 91] SA best so far: contacts=35
[round 91] REMC best so far: contacts=35
[round 92] SA 128x679594 then REMC 12x20rep x 141ex x 3300steps remaining=9.4min
[round 92] SA best so far: contacts=35
[round 92] REMC best so far: contacts=35
[round 93] SA 128x664778 then REMC 12x20rep x 138ex x 3300steps remaining=9.2min
[round 93] SA best so far: contacts=35
[round 93] REMC best so far: contacts=35
[round 94] SA 128x650315 then REMC 12x20rep x 135ex x 3300steps remaining=9.0min
[round 94] SA best so far: contacts=35
[round 94] REMC best so far: contacts=35
[round 95] SA 128x636096 then REMC 12x20rep x 132ex x 3300steps remaining=8.8min
[round 95] SA best so far: contacts=35
[round 95] REMC best so far: contacts=35
[round 96] SA 128x622210 then REMC 12x20rep x 129ex x 3300steps remaining=8.6min
[round 96] SA best so far: contacts=35
[round 96] REMC best so far: contacts=35
[round 97] SA 128x608610 then REMC 12x20rep x 126ex x 3300steps remaining=8.5min
[round 97] SA best so far: contacts=35
[round 97] REMC best so far: contacts=35
[round 98] SA 128x595288 then REMC 12x20rep x 124ex x 3300steps remaining=8.3min
[round 98] SA best so far: contacts=35
[round 98] REMC best so far: contacts=35
[round 99] SA 128x582277 then REMC 12x20rep x 121ex x 3300steps remaining=8.1min
[round 99] SA best so far: contacts=35
[round 99] REMC best so far: contacts=35
[round 100] SA 128x569475 then REMC 12x20rep x 118ex x 3300steps remaining=7.9min
[round 100] SA best so far: contacts=35
[round 100] REMC best so far: contacts=35
[round 101] SA 128x557026 then REMC 12x20rep x 116ex x 3300steps remaining=7.7min
[round 101] SA best so far: contacts=35
[round 101] REMC best so far: contacts=35
[round 102] SA 128x544840 then REMC 12x20rep x 113ex x 3300steps remaining=7.6min
[round 102] SA best so far: contacts=35
[round 102] REMC best so far: contacts=35
[round 103] SA 128x532903 then REMC 12x20rep x 111ex x 3300steps remaining=7.4min
[round 103] SA best so far: contacts=35
[round 103] REMC best so far: contacts=35
[round 104] SA 128x521155 then REMC 12x20rep x 108ex x 3300steps remaining=7.2min
[round 104] SA best so far: contacts=35
[round 104] REMC best so far: contacts=35
[round 105] SA 128x509774 then REMC 12x20rep x 106ex x 3300steps remaining=7.1min
[round 105] SA best so far: contacts=35
[round 105] REMC best so far: contacts=35
[round 106] SA 128x498568 then REMC 12x20rep x 103ex x 3300steps remaining=6.9min
[round 106] SA best so far: contacts=35
[round 106] REMC best so far: contacts=35
[round 107] SA 128x487598 then REMC 12x20rep x 101ex x 3300steps remaining=6.8min
[round 107] SA best so far: contacts=35
[round 107] REMC best so far: contacts=35
[round 108] SA 128x476862 then REMC 12x20rep x 100ex x 3300steps remaining=6.6min
[round 108] SA best so far: contacts=35
[round 108] REMC best so far: contacts=35
[round 109] SA 128x466246 then REMC 12x20rep x 100ex x 3300steps remaining=6.5min
[round 109] SA best so far: contacts=35
[round 109] REMC best so far: contacts=35
[round 110] SA 128x455690 then REMC 12x20rep x 100ex x 3300steps remaining=6.3min
[round 110] SA best so far: contacts=35
[round 110] REMC best so far: contacts=35
[round 111] SA 128x445254 then REMC 12x20rep x 100ex x 3300steps remaining=6.2min
[round 111] SA best so far: contacts=35
[round 111] REMC best so far: contacts=35
[round 112] SA 128x434934 then REMC 12x20rep x 100ex x 3300steps remaining=6.0min
[round 112] SA best so far: contacts=35
[round 112] REMC best so far: contacts=35
[round 113] SA 128x424671 then REMC 12x20rep x 100ex x 3300steps remaining=5.9min
[round 113] SA best so far: contacts=35
[round 113] REMC best so far: contacts=35
[round 114] SA 128x414532 then REMC 12x20rep x 100ex x 3300steps remaining=5.8min
[round 114] SA best so far: contacts=35
[round 114] REMC best so far: contacts=35
[round 115] SA 128x404496 then REMC 12x20rep x 100ex x 3300steps remaining=5.6min
[round 115] SA best so far: contacts=35
[round 115] REMC best so far: contacts=35
[round 116] SA 128x394415 then REMC 12x20rep x 100ex x 3300steps remaining=5.5min
[round 116] SA best so far: contacts=35
[round 116] REMC best so far: contacts=35
[round 117] SA 128x384412 then REMC 12x20rep x 100ex x 3300steps remaining=5.3min
[round 117] SA best so far: contacts=35
[round 117] REMC best so far: contacts=35
[round 118] SA 128x374540 then REMC 12x20rep x 100ex x 3300steps remaining=5.2min
[round 118] SA best so far: contacts=35
[round 118] REMC best so far: contacts=35
[round 119] SA 128x364738 then REMC 12x20rep x 100ex x 3300steps remaining=5.1min
[round 119] SA best so far: contacts=35
[round 119] REMC best so far: contacts=35
[round 120] SA 128x355031 then REMC 12x20rep x 100ex x 3300steps remaining=4.9min
[round 120] SA best so far: contacts=35
[round 120] REMC best so far: contacts=35
[round 121] SA 128x345310 then REMC 12x20rep x 100ex x 3300steps remaining=4.8min
[round 121] SA best so far: contacts=35
[round 121] REMC best so far: contacts=35
[round 122] SA 128x335773 then REMC 12x20rep x 100ex x 3300steps remaining=4.7min
[round 122] SA best so far: contacts=35
[round 122] REMC best so far: contacts=35
[round 123] SA 128x326328 then REMC 12x20rep x 100ex x 3300steps remaining=4.5min
[round 123] SA best so far: contacts=35
[round 123] REMC best so far: contacts=35
[round 124] SA 128x316840 then REMC 12x20rep x 100ex x 3300steps remaining=4.4min
[round 124] SA best so far: contacts=35
[round 124] REMC best so far: contacts=35
[round 125] SA 128x307509 then REMC 12x20rep x 100ex x 3300steps remaining=4.3min
[round 125] SA best so far: contacts=35
[round 125] REMC best so far: contacts=35
[round 126] SA 128x298272 then REMC 12x20rep x 100ex x 3300steps remaining=4.1min
[round 126] SA best so far: contacts=35
[round 126] REMC best so far: contacts=35
[round 127] SA 128x288991 then REMC 12x20rep x 100ex x 3300steps remaining=4.0min
[round 127] SA best so far: contacts=35
[round 127] REMC best so far: contacts=35
[round 128] SA 128x279834 then REMC 12x20rep x 100ex x 3300steps remaining=3.9min
[round 128] SA best so far: contacts=35
[round 128] REMC best so far: contacts=35
[round 129] SA 128x270800 then REMC 12x20rep x 100ex x 3300steps remaining=3.8min
[round 129] SA best so far: contacts=35
[round 129] REMC best so far: contacts=35
[round 130] SA 128x261821 then REMC 12x20rep x 100ex x 3300steps remaining=3.6min
[round 130] SA best so far: contacts=35
[round 130] REMC best so far: contacts=35
[round 131] SA 128x252945 then REMC 12x20rep x 100ex x 3300steps remaining=3.5min
[round 131] SA best so far: contacts=35
[round 131] REMC best so far: contacts=35
[round 132] SA 128x244061 then REMC 12x20rep x 100ex x 3300steps remaining=3.4min
[round 132] SA best so far: contacts=35
[round 132] REMC best so far: contacts=35
[round 133] SA 128x235298 then REMC 12x20rep x 100ex x 3300steps remaining=3.3min
[round 133] SA best so far: contacts=35
[round 133] REMC best so far: contacts=35
[round 134] SA 128x226601 then REMC 12x20rep x 100ex x 3300steps remaining=3.1min
[round 134] SA best so far: contacts=35
[round 134] REMC best so far: contacts=35
[round 135] SA 128x218008 then REMC 12x20rep x 100ex x 3300steps remaining=3.0min
[round 135] SA best so far: contacts=35
[round 135] REMC best so far: contacts=35
[round 136] SA 128x209442 then REMC 12x20rep x 100ex x 3300steps remaining=2.9min
[round 136] SA best so far: contacts=35
[round 136] REMC best so far: contacts=35
[round 137] SA 128x200852 then REMC 12x20rep x 100ex x 3300steps remaining=2.8min
[round 137] SA best so far: contacts=35
[round 137] REMC best so far: contacts=35
[round 138] SA 128x200000 then REMC 12x20rep x 100ex x 3300steps remaining=2.7min
[round 138] SA best so far: contacts=35
[round 138] REMC best so far: contacts=35
[round 139] SA 128x200000 then REMC 12x20rep x 100ex x 3300steps remaining=2.6min
[round 139] SA best so far: contacts=35
[round 139] REMC best so far: contacts=35
[round 140] SA 128x200000 then REMC 12x20rep x 100ex x 3300steps remaining=2.4min
[round 140] SA best so far: contacts=35
[round 140] REMC best so far: contacts=35
[round 141] SA 128x200000 then REMC 12x20rep x 100ex x 3300steps remaining=2.3min
[round 141] SA best so far: contacts=35
[round 141] REMC best so far: contacts=35
[round 142] SA 128x200000 then REMC 12x20rep x 100ex x 3300steps remaining=2.2min
[round 142] SA best so far: contacts=35
[round 142] REMC best so far: contacts=35
[round 143] SA 128x200000 then REMC 12x20rep x 100ex x 3300steps remaining=2.1min
[round 143] SA best so far: contacts=35
[round 143] REMC best so far: contacts=35
[round 144] SA 128x200000 then REMC 12x20rep x 100ex x 3300steps remaining=2.0min
[round 144] SA best so far: contacts=35
[round 144] REMC best so far: contacts=35
[round 145] SA 128x200000 then REMC 12x20rep x 100ex x 3300steps remaining=1.8min
[round 145] SA best so far: contacts=35
[round 145] REMC best so far: contacts=35
[round 146] SA 128x200000 then REMC 12x20rep x 100ex x 3300steps remaining=1.7min
[round 146] SA best so far: contacts=35
[round 146] REMC best so far: contacts=35
[round 147] SA 128x200000 then REMC 12x20rep x 100ex x 3300steps remaining=1.6min
[round 147] SA best so far: contacts=35
[round 147] REMC best so far: contacts=35
[round 148] SA 128x200000 then REMC 12x20rep x 100ex x 3300steps remaining=1.5min
[round 148] SA best so far: contacts=35
[round 148] REMC best so far: contacts=35
[round 149] SA 128x200000 then REMC 12x20rep x 100ex x 3300steps remaining=1.4min
[round 149] SA best so far: contacts=35
[round 149] REMC best so far: contacts=35
[round 150] SA 128x200000 then REMC 12x20rep x 100ex x 3300steps remaining=1.3min
[round 150] SA best so far: contacts=35
[round 150] REMC best so far: contacts=35
[round 151] SA 128x200000 then REMC 12x20rep x 100ex x 3300steps remaining=1.1min
[round 151] SA best so far: contacts=35
[round 151] REMC best so far: contacts=35
[round 152] SA 128x200000 then REMC 12x20rep x 100ex x 3300steps remaining=1.0min
[round 152] SA best so far: contacts=35
[round 152] REMC best so far: contacts=35
[round 153] SA 128x200000 then REMC 12x20rep x 100ex x 3300steps remaining=0.9min
[round 153] SA best so far: contacts=35
[round 153] REMC best so far: contacts=35
[round 154] SA 128x200000 then REMC 12x20rep x 100ex x 3300steps remaining=0.8min
[round 154] SA best so far: contacts=35
[round 154] REMC best so far: contacts=35
[round 155] SA 128x200000 then REMC 12x20rep x 100ex x 3300steps remaining=0.7min
[round 155] SA best so far: contacts=35
[round 155] REMC best so far: contacts=35
[validate] valid fold: contacts=35, rg2=10.4722
[checkpoint] checkpoints/best_S7.json contacts=35 status=GAP_1
[submission] wrote results/S7_submission.json
[done] S7: contacts=35 target=36 status=GAP_1

==============================================================================
[solve] S8 length=64 target=42 budget=1.327h workers=16
==============================================================================
[round 1] SA 128x4000000 then REMC 12x21rep x 1193ex x 3520steps remaining=79.6min
[round 1] SA improved: contacts=36
[checkpoint] checkpoints/best_S8.json contacts=36 status=GAP_6
[round 1] REMC best so far: contacts=36
[round 2] SA 128x4000000 then REMC 12x21rep x 1167ex x 3520steps remaining=77.8min
[round 2] SA best so far: contacts=36
[round 2] REMC best so far: contacts=36
[round 3] SA 128x4000000 then REMC 12x21rep x 1141ex x 3520steps remaining=76.1min
[round 3] SA improved: contacts=37
[checkpoint] checkpoints/best_S8.json contacts=37 status=GAP_5
[round 3] REMC best so far: contacts=37
[round 4] SA 128x4000000 then REMC 12x21rep x 1115ex x 3520steps remaining=74.4min
[round 4] SA best so far: contacts=37
[round 4] REMC best so far: contacts=37
[round 5] SA 128x4000000 then REMC 12x21rep x 1090ex x 3520steps remaining=72.7min
[round 5] SA best so far: contacts=37
[round 5] REMC best so far: contacts=37
[round 6] SA 128x4000000 then REMC 12x21rep x 1066ex x 3520steps remaining=71.1min
[round 6] SA best so far: contacts=37
[round 6] REMC improved: contacts=38
[checkpoint] checkpoints/best_S8.json contacts=38 status=GAP_4
[round 7] SA 128x4000000 then REMC 12x21rep x 1042ex x 3520steps remaining=69.5min
[round 7] SA best so far: contacts=38
[round 7] REMC best so far: contacts=38
[round 8] SA 128x4000000 then REMC 12x21rep x 1018ex x 3520steps remaining=67.9min
[round 8] SA best so far: contacts=38
[round 8] REMC best so far: contacts=38
[round 9] SA 128x4000000 then REMC 12x21rep x 994ex x 3520steps remaining=66.3min
[round 9] SA best so far: contacts=38
[round 9] REMC best so far: contacts=38
[round 10] SA 128x4000000 then REMC 12x21rep x 971ex x 3520steps remaining=64.8min
[round 10] SA best so far: contacts=38
[round 10] REMC best so far: contacts=38
[round 11] SA 128x4000000 then REMC 12x21rep x 948ex x 3520steps remaining=63.3min
[round 11] SA best so far: contacts=38
[round 11] REMC best so far: contacts=38
[round 12] SA 128x4000000 then REMC 12x21rep x 926ex x 3520steps remaining=61.8min
[round 12] SA best so far: contacts=38
[round 12] REMC best so far: contacts=38
[round 13] SA 128x4000000 then REMC 12x21rep x 904ex x 3520steps remaining=60.3min
[round 13] SA best so far: contacts=38
[round 13] REMC best so far: contacts=38
[round 14] SA 128x4000000 then REMC 12x21rep x 882ex x 3520steps remaining=58.9min
[round 14] SA best so far: contacts=38
[round 14] REMC best so far: contacts=38
[round 15] SA 128x4000000 then REMC 12x21rep x 861ex x 3520steps remaining=57.4min
[round 15] SA best so far: contacts=38
[round 15] REMC best so far: contacts=38
[round 16] SA 128x4000000 then REMC 12x21rep x 840ex x 3520steps remaining=56.0min
[round 16] SA best so far: contacts=38
[round 16] REMC best so far: contacts=38
[round 17] SA 128x3935951 then REMC 12x21rep x 819ex x 3520steps remaining=54.7min
[round 17] SA best so far: contacts=38
[round 17] REMC best so far: contacts=38
[round 18] SA 128x3838758 then REMC 12x21rep x 799ex x 3520steps remaining=53.3min
[round 18] SA best so far: contacts=38
[round 18] REMC best so far: contacts=38
[round 19] SA 128x3744195 then REMC 12x21rep x 780ex x 3520steps remaining=52.0min
[round 19] SA best so far: contacts=38
[round 19] REMC best so far: contacts=38
[round 20] SA 128x3651676 then REMC 12x21rep x 760ex x 3520steps remaining=50.7min
[round 20] SA best so far: contacts=38
[round 20] REMC best so far: contacts=38
[round 21] SA 128x3562023 then REMC 12x21rep x 742ex x 3520steps remaining=49.5min
[round 21] SA best so far: contacts=38
[round 21] REMC best so far: contacts=38
[round 22] SA 128x3473872 then REMC 12x21rep x 723ex x 3520steps remaining=48.2min
[round 22] SA best so far: contacts=38
[round 22] REMC best so far: contacts=38
[round 23] SA 128x3388256 then REMC 12x21rep x 705ex x 3520steps remaining=47.1min
[round 23] SA best so far: contacts=38
[round 23] REMC best so far: contacts=38
[round 24] SA 128x3304259 then REMC 12x21rep x 688ex x 3520steps remaining=45.9min
[round 24] SA best so far: contacts=38
[round 24] REMC best so far: contacts=38
[round 25] SA 128x3222704 then REMC 12x21rep x 671ex x 3520steps remaining=44.8min
[round 25] SA best so far: contacts=38
[round 25] REMC best so far: contacts=38
[round 26] SA 128x3143250 then REMC 12x21rep x 654ex x 3520steps remaining=43.7min
[round 26] SA best so far: contacts=38
[round 26] REMC best so far: contacts=38
[round 27] SA 128x3065153 then REMC 12x21rep x 638ex x 3520steps remaining=42.6min
[round 27] SA best so far: contacts=38
[round 27] REMC best so far: contacts=38
[round 28] SA 128x2989483 then REMC 12x21rep x 622ex x 3520steps remaining=41.5min
[round 28] SA best so far: contacts=38
[round 28] REMC best so far: contacts=38
[round 29] SA 128x2915638 then REMC 12x21rep x 607ex x 3520steps remaining=40.5min
[round 29] SA best so far: contacts=38
[round 29] REMC best so far: contacts=38
[round 30] SA 128x2843614 then REMC 12x21rep x 592ex x 3520steps remaining=39.5min
[round 30] SA best so far: contacts=38
[round 30] REMC best so far: contacts=38
[round 31] SA 128x2773359 then REMC 12x21rep x 577ex x 3520steps remaining=38.5min
[round 31] SA best so far: contacts=38
[round 31] REMC best so far: contacts=38
[round 32] SA 128x2704849 then REMC 12x21rep x 563ex x 3520steps remaining=37.6min
[round 32] SA best so far: contacts=38
[round 32] REMC best so far: contacts=38
[round 33] SA 128x2638031 then REMC 12x21rep x 549ex x 3520steps remaining=36.6min
[round 33] SA best so far: contacts=38
[round 33] REMC best so far: contacts=38
[round 34] SA 128x2572491 then REMC 12x21rep x 535ex x 3520steps remaining=35.7min
[round 34] SA best so far: contacts=38
[round 34] REMC best so far: contacts=38
[round 35] SA 128x2508653 then REMC 12x21rep x 522ex x 3520steps remaining=34.8min
[round 35] SA best so far: contacts=38
[round 35] REMC best so far: contacts=38
[round 36] SA 128x2446702 then REMC 12x21rep x 509ex x 3520steps remaining=34.0min
[round 36] SA best so far: contacts=38
[round 36] REMC best so far: contacts=38
[round 37] SA 128x2385948 then REMC 12x21rep x 497ex x 3520steps remaining=33.1min
[round 37] SA best so far: contacts=38
[round 37] REMC best so far: contacts=38
[round 38] SA 128x2327022 then REMC 12x21rep x 484ex x 3520steps remaining=32.3min
[round 38] SA best so far: contacts=38
[round 38] REMC best so far: contacts=38
[round 39] SA 128x2269296 then REMC 12x21rep x 472ex x 3520steps remaining=31.5min
[round 39] SA best so far: contacts=38
[round 39] REMC best so far: contacts=38
[round 40] SA 128x2213072 then REMC 12x21rep x 461ex x 3520steps remaining=30.7min
[round 40] SA best so far: contacts=38
[round 40] REMC best so far: contacts=38
[round 41] SA 128x2158069 then REMC 12x21rep x 449ex x 3520steps remaining=30.0min
[round 41] SA best so far: contacts=38
[round 41] REMC best so far: contacts=38
[round 42] SA 128x2104251 then REMC 12x21rep x 438ex x 3520steps remaining=29.2min
[round 42] SA best so far: contacts=38
[round 42] REMC best so far: contacts=38
[round 43] SA 128x2051648 then REMC 12x21rep x 427ex x 3520steps remaining=28.5min
[round 43] SA best so far: contacts=38
[round 43] REMC best so far: contacts=38
[round 44] SA 128x2000142 then REMC 12x21rep x 416ex x 3520steps remaining=27.8min
[round 44] SA best so far: contacts=38
[round 44] REMC best so far: contacts=38
[round 45] SA 128x1950489 then REMC 12x21rep x 406ex x 3520steps remaining=27.1min
[round 45] SA best so far: contacts=38
[round 45] REMC best so far: contacts=38
[round 46] SA 128x1902075 then REMC 12x21rep x 396ex x 3520steps remaining=26.4min
[round 46] SA best so far: contacts=38
[round 46] REMC best so far: contacts=38
[round 47] SA 128x1854866 then REMC 12x21rep x 386ex x 3520steps remaining=25.8min
[round 47] SA best so far: contacts=38
[round 47] REMC best so far: contacts=38
[round 48] SA 128x1808500 then REMC 12x21rep x 376ex x 3520steps remaining=25.1min
[round 48] SA best so far: contacts=38
[round 48] REMC best so far: contacts=38
[round 49] SA 128x1763582 then REMC 12x21rep x 367ex x 3520steps remaining=24.5min
[round 49] SA best so far: contacts=38
[round 49] REMC best so far: contacts=38
[round 50] SA 128x1719687 then REMC 12x21rep x 358ex x 3520steps remaining=23.9min
[round 50] SA best so far: contacts=38
[round 50] REMC best so far: contacts=38
[round 51] SA 128x1676826 then REMC 12x21rep x 349ex x 3520steps remaining=23.3min
[round 51] SA best so far: contacts=38
[round 51] REMC best so far: contacts=38
[round 52] SA 128x1635116 then REMC 12x21rep x 340ex x 3520steps remaining=22.7min
[round 52] SA best so far: contacts=38
[round 52] REMC best so far: contacts=38
[round 53] SA 128x1594498 then REMC 12x21rep x 332ex x 3520steps remaining=22.1min
[round 53] SA best so far: contacts=38
[round 53] REMC best so far: contacts=38
[round 54] SA 128x1554752 then REMC 12x21rep x 323ex x 3520steps remaining=21.6min
[round 54] SA best so far: contacts=38
[round 54] REMC best so far: contacts=38
[round 55] SA 128x1516059 then REMC 12x21rep x 315ex x 3520steps remaining=21.1min
[round 55] SA best so far: contacts=38
[round 55] REMC best so far: contacts=38
[round 56] SA 128x1478040 then REMC 12x21rep x 307ex x 3520steps remaining=20.5min
[round 56] SA best so far: contacts=38
[round 56] REMC best so far: contacts=38
[round 57] SA 128x1441147 then REMC 12x21rep x 300ex x 3520steps remaining=20.0min
[round 57] SA best so far: contacts=38
[round 57] REMC best so far: contacts=38
[round 58] SA 128x1405088 then REMC 12x21rep x 292ex x 3520steps remaining=19.5min
[round 58] SA best so far: contacts=38
[round 58] REMC best so far: contacts=38
[round 59] SA 128x1370072 then REMC 12x21rep x 285ex x 3520steps remaining=19.0min
[round 59] SA best so far: contacts=38
[round 59] REMC best so far: contacts=38
[round 60] SA 128x1335813 then REMC 12x21rep x 278ex x 3520steps remaining=18.6min
[round 60] SA best so far: contacts=38
[round 60] REMC best so far: contacts=38
[round 61] SA 128x1302113 then REMC 12x21rep x 271ex x 3520steps remaining=18.1min
[round 61] SA best so far: contacts=38
[round 61] REMC best so far: contacts=38
[round 62] SA 128x1269367 then REMC 12x21rep x 264ex x 3520steps remaining=17.6min
[round 62] SA best so far: contacts=38
[round 62] REMC best so far: contacts=38
[round 63] SA 128x1237729 then REMC 12x21rep x 257ex x 3520steps remaining=17.2min
[round 63] SA best so far: contacts=38
[round 63] REMC best so far: contacts=38
[round 64] SA 128x1206943 then REMC 12x21rep x 251ex x 3520steps remaining=16.8min
[round 64] SA best so far: contacts=38
[round 64] REMC best so far: contacts=38
[round 65] SA 128x1176689 then REMC 12x21rep x 245ex x 3520steps remaining=16.3min
[round 65] SA best so far: contacts=38
[round 65] REMC best so far: contacts=38
[round 66] SA 128x1147413 then REMC 12x21rep x 239ex x 3520steps remaining=15.9min
[round 66] SA best so far: contacts=38
[round 66] REMC best so far: contacts=38
[round 67] SA 128x1118522 then REMC 12x21rep x 233ex x 3520steps remaining=15.5min
[round 67] SA best so far: contacts=38
[round 67] REMC best so far: contacts=38
[round 68] SA 128x1090466 then REMC 12x21rep x 227ex x 3520steps remaining=15.1min
[round 68] SA best so far: contacts=38
[round 68] REMC best so far: contacts=38
[round 69] SA 128x1063145 then REMC 12x21rep x 221ex x 3520steps remaining=14.8min
[round 69] SA best so far: contacts=38
[round 69] REMC best so far: contacts=38
[round 70] SA 128x1036499 then REMC 12x21rep x 215ex x 3520steps remaining=14.4min
[round 70] SA best so far: contacts=38
[round 70] REMC best so far: contacts=38
[round 71] SA 128x1010463 then REMC 12x21rep x 210ex x 3520steps remaining=14.0min
[round 71] SA best so far: contacts=38
[round 71] REMC best so far: contacts=38
[round 72] SA 128x985114 then REMC 12x21rep x 205ex x 3520steps remaining=13.7min
[round 72] SA best so far: contacts=38
[round 72] REMC best so far: contacts=38
[round 73] SA 128x960248 then REMC 12x21rep x 200ex x 3520steps remaining=13.3min
[round 73] SA best so far: contacts=38
[round 73] REMC best so far: contacts=38
[round 74] SA 128x935923 then REMC 12x21rep x 194ex x 3520steps remaining=13.0min
[round 74] SA best so far: contacts=38
[round 74] REMC best so far: contacts=38
[round 75] SA 128x912372 then REMC 12x21rep x 190ex x 3520steps remaining=12.7min
[round 75] SA best so far: contacts=38
[round 75] REMC best so far: contacts=38
[round 76] SA 128x889484 then REMC 12x21rep x 185ex x 3520steps remaining=12.4min
[round 76] SA best so far: contacts=38
[round 76] REMC best so far: contacts=38
[round 77] SA 128x867180 then REMC 12x21rep x 180ex x 3520steps remaining=12.0min
[round 77] SA best so far: contacts=38
[round 77] REMC best so far: contacts=38
[round 78] SA 128x845403 then REMC 12x21rep x 176ex x 3520steps remaining=11.7min
[round 78] SA best so far: contacts=38
[round 78] REMC best so far: contacts=38
[round 79] SA 128x824022 then REMC 12x21rep x 171ex x 3520steps remaining=11.4min
[round 79] SA best so far: contacts=38
[round 79] REMC best so far: contacts=38
[round 80] SA 128x803309 then REMC 12x21rep x 167ex x 3520steps remaining=11.2min
[round 80] SA best so far: contacts=38
[round 80] REMC best so far: contacts=38
[round 81] SA 128x782944 then REMC 12x21rep x 163ex x 3520steps remaining=10.9min
[round 81] SA best so far: contacts=38
[round 81] REMC best so far: contacts=38
[round 82] SA 128x763055 then REMC 12x21rep x 158ex x 3520steps remaining=10.6min
[round 82] SA best so far: contacts=38
[round 82] REMC best so far: contacts=38
[round 83] SA 128x743717 then REMC 12x21rep x 154ex x 3520steps remaining=10.3min
[round 83] SA best so far: contacts=38
[round 83] REMC best so far: contacts=38
[round 84] SA 128x724847 then REMC 12x21rep x 151ex x 3520steps remaining=10.1min
[round 84] SA best so far: contacts=38
[round 84] REMC best so far: contacts=38
[round 85] SA 128x706409 then REMC 12x21rep x 147ex x 3520steps remaining=9.8min
[round 85] SA best so far: contacts=38
[round 85] REMC best so far: contacts=38
[round 86] SA 128x688569 then REMC 12x21rep x 143ex x 3520steps remaining=9.6min
[round 86] SA best so far: contacts=38
[round 86] REMC best so far: contacts=38
[round 87] SA 128x671140 then REMC 12x21rep x 139ex x 3520steps remaining=9.3min
[round 87] SA best so far: contacts=38
[round 87] REMC best so far: contacts=38
[round 88] SA 128x654167 then REMC 12x21rep x 136ex x 3520steps remaining=9.1min
[round 88] SA best so far: contacts=38
[round 88] REMC best so far: contacts=38
[round 89] SA 128x637595 then REMC 12x21rep x 132ex x 3520steps remaining=8.9min
[round 89] SA best so far: contacts=38
[round 89] REMC best so far: contacts=38
[round 90] SA 128x621445 then REMC 12x21rep x 129ex x 3520steps remaining=8.6min
[round 90] SA best so far: contacts=38
[round 90] REMC best so far: contacts=38
[round 91] SA 128x605510 then REMC 12x21rep x 126ex x 3520steps remaining=8.4min
[round 91] SA best so far: contacts=38
[round 91] REMC best so far: contacts=38
[round 92] SA 128x590163 then REMC 12x21rep x 122ex x 3520steps remaining=8.2min
[round 92] SA best so far: contacts=38
[round 92] REMC best so far: contacts=38
[round 93] SA 128x575246 then REMC 12x21rep x 119ex x 3520steps remaining=8.0min
[round 93] SA best so far: contacts=38
[round 93] REMC best so far: contacts=38
[round 94] SA 128x560608 then REMC 12x21rep x 116ex x 3520steps remaining=7.8min
[round 94] SA best so far: contacts=38
[round 94] REMC best so far: contacts=38
[round 95] SA 128x546332 then REMC 12x21rep x 113ex x 3520steps remaining=7.6min
[round 95] SA best so far: contacts=38
[round 95] REMC best so far: contacts=38
[round 96] SA 128x532436 then REMC 12x21rep x 110ex x 3520steps remaining=7.4min
[round 96] SA best so far: contacts=38
[round 96] REMC best so far: contacts=38
[round 97] SA 128x518832 then REMC 12x21rep x 108ex x 3520steps remaining=7.2min
[round 97] SA best so far: contacts=38
[round 97] REMC best so far: contacts=38
[round 98] SA 128x505487 then REMC 12x21rep x 105ex x 3520steps remaining=7.0min
[round 98] SA best so far: contacts=38
[round 98] REMC best so far: contacts=38
[round 99] SA 128x492562 then REMC 12x21rep x 102ex x 3520steps remaining=6.8min
[round 99] SA best so far: contacts=38
[round 99] REMC best so far: contacts=38
[round 100] SA 128x479919 then REMC 12x21rep x 100ex x 3520steps remaining=6.7min
[round 100] SA best so far: contacts=38
[round 100] REMC best so far: contacts=38
[round 101] SA 128x467571 then REMC 12x21rep x 100ex x 3520steps remaining=6.5min
[round 101] SA best so far: contacts=38
[round 101] REMC best so far: contacts=38
[round 102] SA 128x455378 then REMC 12x21rep x 100ex x 3520steps remaining=6.3min
[round 102] SA best so far: contacts=38
[round 102] REMC best so far: contacts=38
[round 103] SA 128x443217 then REMC 12x21rep x 100ex x 3520steps remaining=6.2min
[round 103] SA best so far: contacts=38
[round 103] REMC best so far: contacts=38
[round 104] SA 128x431202 then REMC 12x21rep x 100ex x 3520steps remaining=6.0min
[round 104] SA best so far: contacts=38
[round 104] REMC best so far: contacts=38
[round 105] SA 128x419265 then REMC 12x21rep x 100ex x 3520steps remaining=5.8min
[round 105] SA best so far: contacts=38
[round 105] REMC best so far: contacts=38
[round 106] SA 128x407465 then REMC 12x21rep x 100ex x 3520steps remaining=5.7min
[round 106] SA best so far: contacts=38
[round 106] REMC best so far: contacts=38
[round 107] SA 128x395666 then REMC 12x21rep x 100ex x 3520steps remaining=5.5min
[round 107] SA best so far: contacts=38
[round 107] REMC best so far: contacts=38
[round 108] SA 128x384076 then REMC 12x21rep x 100ex x 3520steps remaining=5.3min
[round 108] SA best so far: contacts=38
[round 108] REMC best so far: contacts=38
[round 109] SA 128x372557 then REMC 12x21rep x 100ex x 3520steps remaining=5.2min
[round 109] SA best so far: contacts=38
[round 109] REMC best so far: contacts=38
[round 110] SA 128x361176 then REMC 12x21rep x 100ex x 3520steps remaining=5.0min
[round 110] SA best so far: contacts=38
[round 110] REMC best so far: contacts=38
[round 111] SA 128x349813 then REMC 12x21rep x 100ex x 3520steps remaining=4.9min
[round 111] SA best so far: contacts=38
[round 111] REMC best so far: contacts=38
[round 112] SA 128x338621 then REMC 12x21rep x 100ex x 3520steps remaining=4.7min
[round 112] SA best so far: contacts=38
[round 112] REMC best so far: contacts=38
[round 113] SA 128x327526 then REMC 12x21rep x 100ex x 3520steps remaining=4.5min
[round 113] SA best so far: contacts=38
[round 113] REMC best so far: contacts=38
[round 114] SA 128x316327 then REMC 12x21rep x 100ex x 3520steps remaining=4.4min
[round 114] SA best so far: contacts=38
[round 114] REMC best so far: contacts=38
[round 115] SA 128x305377 then REMC 12x21rep x 100ex x 3520steps remaining=4.2min
[round 115] SA best so far: contacts=38
[round 115] REMC best so far: contacts=38
[round 116] SA 128x294491 then REMC 12x21rep x 100ex x 3520steps remaining=4.1min
[round 116] SA best so far: contacts=38
[round 116] REMC best so far: contacts=38
[round 117] SA 128x283753 then REMC 12x21rep x 100ex x 3520steps remaining=3.9min
[round 117] SA best so far: contacts=38
[round 117] REMC best so far: contacts=38
[round 118] SA 128x273148 then REMC 12x21rep x 100ex x 3520steps remaining=3.8min
[round 118] SA best so far: contacts=38
[round 118] REMC best so far: contacts=38
[round 119] SA 128x262641 then REMC 12x21rep x 100ex x 3520steps remaining=3.6min
[round 119] SA best so far: contacts=38
[round 119] REMC best so far: contacts=38
[round 120] SA 128x252163 then REMC 12x21rep x 100ex x 3520steps remaining=3.5min
[round 120] SA best so far: contacts=38
[round 120] REMC best so far: contacts=38
[round 121] SA 128x241809 then REMC 12x21rep x 100ex x 3520steps remaining=3.4min
[round 121] SA best so far: contacts=38
[round 121] REMC best so far: contacts=38
[round 122] SA 128x231382 then REMC 12x21rep x 100ex x 3520steps remaining=3.2min
[round 122] SA best so far: contacts=38
[round 122] REMC best so far: contacts=38
[round 123] SA 128x220961 then REMC 12x21rep x 100ex x 3520steps remaining=3.1min
[round 123] SA best so far: contacts=38
[round 123] REMC best so far: contacts=38
[round 124] SA 128x210853 then REMC 12x21rep x 100ex x 3520steps remaining=2.9min
[round 124] SA best so far: contacts=38
[round 124] REMC best so far: contacts=38
[round 125] SA 128x200836 then REMC 12x21rep x 100ex x 3520steps remaining=2.8min
[round 125] SA best so far: contacts=38
[round 125] REMC best so far: contacts=38
[round 126] SA 128x200000 then REMC 12x21rep x 100ex x 3520steps remaining=2.7min
[round 126] SA best so far: contacts=38
[round 126] REMC best so far: contacts=38
[round 127] SA 128x200000 then REMC 12x21rep x 100ex x 3520steps remaining=2.5min
[round 127] SA best so far: contacts=38
[round 127] REMC best so far: contacts=38
[round 128] SA 128x200000 then REMC 12x21rep x 100ex x 3520steps remaining=2.4min
[round 128] SA best so far: contacts=38
[round 128] REMC best so far: contacts=38
[round 129] SA 128x200000 then REMC 12x21rep x 100ex x 3520steps remaining=2.2min
[round 129] SA best so far: contacts=38
[round 129] REMC best so far: contacts=38
[round 130] SA 128x200000 then REMC 12x21rep x 100ex x 3520steps remaining=2.1min
[round 130] SA best so far: contacts=38
[round 130] REMC best so far: contacts=38
[round 131] SA 128x200000 then REMC 12x21rep x 100ex x 3520steps remaining=2.0min
[round 131] SA best so far: contacts=38
[round 131] REMC best so far: contacts=38
[round 132] SA 128x200000 then REMC 12x21rep x 100ex x 3520steps remaining=1.8min
[round 132] SA best so far: contacts=38
[round 132] REMC best so far: contacts=38
[round 133] SA 128x200000 then REMC 12x21rep x 100ex x 3520steps remaining=1.7min
[round 133] SA best so far: contacts=38
[round 133] REMC best so far: contacts=38
[round 134] SA 128x200000 then REMC 12x21rep x 100ex x 3520steps remaining=1.5min
[round 134] SA best so far: contacts=38
[round 134] REMC best so far: contacts=38
[round 135] SA 128x200000 then REMC 12x21rep x 100ex x 3520steps remaining=1.4min
[round 135] SA best so far: contacts=38
[round 135] REMC best so far: contacts=38
[round 136] SA 128x200000 then REMC 12x21rep x 100ex x 3520steps remaining=1.3min
[round 136] SA best so far: contacts=38
[round 136] REMC best so far: contacts=38
[round 137] SA 128x200000 then REMC 12x21rep x 100ex x 3520steps remaining=1.1min
[round 137] SA best so far: contacts=38
[round 137] REMC best so far: contacts=38
[round 138] SA 128x200000 then REMC 12x21rep x 100ex x 3520steps remaining=1.0min
[round 138] SA best so far: contacts=38
[round 138] REMC best so far: contacts=38
[round 139] SA 128x200000 then REMC 12x21rep x 100ex x 3520steps remaining=0.9min
[round 139] SA best so far: contacts=38
[round 139] REMC best so far: contacts=38
[round 140] SA 128x200000 then REMC 12x21rep x 100ex x 3520steps remaining=0.7min
[round 140] SA best so far: contacts=38
[round 140] REMC best so far: contacts=38
[validate] valid fold: contacts=38, rg2=13.0605
[checkpoint] checkpoints/best_S8.json contacts=38 status=GAP_4
[submission] wrote results/S8_submission.json
[done] S8: contacts=38 target=42 status=GAP_4

==============================================================================
[solve] S9 length=85 target=53 budget=2.857h workers=16
==============================================================================
[round 1] SA 96x4000000 then REMC 12x28rep x 1200ex x 4675steps remaining=171.4min
[round 1] SA improved: contacts=49
[checkpoint] checkpoints/best_S9.json contacts=49 status=GAP_4
[round 1] REMC best so far: contacts=49
[round 2] SA 96x4000000 then REMC 12x28rep x 1200ex x 4675steps remaining=167.5min
[round 2] SA best so far: contacts=49
[round 2] REMC best so far: contacts=49
[round 3] SA 96x4000000 then REMC 12x28rep x 1200ex x 4675steps remaining=163.5min
[round 3] SA best so far: contacts=49
[round 3] REMC best so far: contacts=49
[round 4] SA 96x4000000 then REMC 12x28rep x 1200ex x 4675steps remaining=159.6min
[round 4] SA best so far: contacts=49
[round 4] REMC best so far: contacts=49
[round 5] SA 96x4000000 then REMC 12x28rep x 1200ex x 4675steps remaining=155.6min
[round 5] SA best so far: contacts=49
[round 5] REMC best so far: contacts=49
[round 6] SA 96x4000000 then REMC 12x28rep x 1200ex x 4675steps remaining=151.6min
[round 6] SA best so far: contacts=49
[round 6] REMC best so far: contacts=49
[round 7] SA 96x4000000 then REMC 12x28rep x 1200ex x 4675steps remaining=147.7min
[round 7] SA best so far: contacts=49
[round 7] REMC best so far: contacts=49
[round 8] SA 96x4000000 then REMC 12x28rep x 1200ex x 4675steps remaining=143.7min
[round 8] SA best so far: contacts=49
[round 8] REMC best so far: contacts=49
[round 9] SA 96x4000000 then REMC 12x28rep x 1200ex x 4675steps remaining=139.8min
[round 9] SA best so far: contacts=49
[round 9] REMC best so far: contacts=49
[round 10] SA 96x4000000 then REMC 12x28rep x 1200ex x 4675steps remaining=135.8min
[round 10] SA best so far: contacts=49
[round 10] REMC best so far: contacts=49
[round 11] SA 96x4000000 then REMC 12x28rep x 1200ex x 4675steps remaining=131.9min
[round 11] SA best so far: contacts=49
[round 11] REMC improved: contacts=51
[checkpoint] checkpoints/best_S9.json contacts=51 status=GAP_2
[round 12] SA 96x4000000 then REMC 12x28rep x 1200ex x 4675steps remaining=127.9min
[round 12] SA best so far: contacts=51
[round 12] REMC best so far: contacts=51
[round 13] SA 96x4000000 then REMC 12x28rep x 1200ex x 4675steps remaining=123.9min
[round 13] SA best so far: contacts=51
[round 13] REMC best so far: contacts=51
[round 14] SA 96x4000000 then REMC 12x28rep x 1200ex x 4675steps remaining=120.0min
[round 14] SA best so far: contacts=51
[round 14] REMC best so far: contacts=51
[round 15] SA 96x4000000 then REMC 12x28rep x 1200ex x 4675steps remaining=116.0min
[round 15] SA best so far: contacts=51
[round 15] REMC best so far: contacts=51
[round 16] SA 96x4000000 then REMC 12x28rep x 1200ex x 4675steps remaining=112.1min
[round 16] SA best so far: contacts=51
[round 16] REMC best so far: contacts=51
[round 17] SA 96x4000000 then REMC 12x28rep x 1200ex x 4675steps remaining=108.1min
[round 17] SA best so far: contacts=51
[round 17] REMC best so far: contacts=51
[round 18] SA 96x4000000 then REMC 12x28rep x 1200ex x 4675steps remaining=104.2min
[round 18] SA best so far: contacts=51
[round 18] REMC best so far: contacts=51
[round 19] SA 96x4000000 then REMC 12x28rep x 1200ex x 4675steps remaining=100.2min
[round 19] SA best so far: contacts=51
[round 19] REMC best so far: contacts=51
[round 20] SA 96x4000000 then REMC 12x28rep x 1200ex x 4675steps remaining=96.3min
[round 20] SA best so far: contacts=51
[round 20] REMC best so far: contacts=51
[round 21] SA 96x4000000 then REMC 12x28rep x 1200ex x 4675steps remaining=92.3min
[round 21] SA best so far: contacts=51
[round 21] REMC best so far: contacts=51
[round 22] SA 96x4000000 then REMC 12x28rep x 1200ex x 4675steps remaining=88.3min
[round 22] SA best so far: contacts=51
[round 22] REMC best so far: contacts=51
[round 23] SA 96x4000000 then REMC 12x28rep x 1200ex x 4675steps remaining=84.4min
[round 23] SA best so far: contacts=51
[round 23] REMC best so far: contacts=51
[round 24] SA 96x4000000 then REMC 12x28rep x 1200ex x 4675steps remaining=80.4min
[round 24] SA best so far: contacts=51
[round 24] REMC best so far: contacts=51
[round 25] SA 96x4000000 then REMC 12x28rep x 1147ex x 4675steps remaining=76.5min
[round 25] SA best so far: contacts=51
[round 25] REMC best so far: contacts=51
[round 26] SA 96x4000000 then REMC 12x28rep x 1090ex x 4675steps remaining=72.7min
[round 26] SA best so far: contacts=51
[round 26] REMC best so far: contacts=51
[round 27] SA 96x4000000 then REMC 12x28rep x 1035ex x 4675steps remaining=69.0min
[round 27] SA best so far: contacts=51
[round 27] REMC best so far: contacts=51
[round 28] SA 96x4000000 then REMC 12x28rep x 983ex x 4675steps remaining=65.6min
[round 28] SA best so far: contacts=51
[round 28] REMC best so far: contacts=51
[round 29] SA 96x4000000 then REMC 12x28rep x 933ex x 4675steps remaining=62.2min
[round 29] SA best so far: contacts=51
[round 29] REMC best so far: contacts=51
[round 30] SA 96x4000000 then REMC 12x28rep x 885ex x 4675steps remaining=59.0min
[round 30] SA best so far: contacts=51
[round 30] REMC best so far: contacts=51
[round 31] SA 96x4000000 then REMC 12x28rep x 839ex x 4675steps remaining=56.0min
[round 31] SA best so far: contacts=51
[round 31] REMC best so far: contacts=51
[round 32] SA 96x3817943 then REMC 12x28rep x 795ex x 4675steps remaining=53.0min
[round 32] SA best so far: contacts=51
[round 32] REMC best so far: contacts=51
[round 33] SA 96x3617622 then REMC 12x28rep x 753ex x 4675steps remaining=50.2min
[round 33] SA best so far: contacts=51
[round 33] REMC best so far: contacts=51
[round 34] SA 96x3427369 then REMC 12x28rep x 714ex x 4675steps remaining=47.6min
[round 34] SA best so far: contacts=51
[round 34] REMC best so far: contacts=51
[round 35] SA 96x3247432 then REMC 12x28rep x 676ex x 4675steps remaining=45.1min
[round 35] SA best so far: contacts=51
[round 35] REMC best so far: contacts=51
[round 36] SA 96x3077818 then REMC 12x28rep x 641ex x 4675steps remaining=42.7min
[round 36] SA best so far: contacts=51
[round 36] REMC best so far: contacts=51
[round 37] SA 96x2916212 then REMC 12x28rep x 607ex x 4675steps remaining=40.5min
[round 37] SA best so far: contacts=51
[round 37] REMC best so far: contacts=51
[round 38] SA 96x2763343 then REMC 12x28rep x 575ex x 4675steps remaining=38.4min
[round 38] SA best so far: contacts=51
[round 38] REMC best so far: contacts=51
[round 39] SA 96x2618368 then REMC 12x28rep x 545ex x 4675steps remaining=36.4min
[round 39] SA best so far: contacts=51
[round 39] REMC best so far: contacts=51
[round 40] SA 96x2480650 then REMC 12x28rep x 516ex x 4675steps remaining=34.5min
[round 40] SA best so far: contacts=51
[round 40] REMC best so far: contacts=51
[round 41] SA 96x2349613 then REMC 12x28rep x 489ex x 4675steps remaining=32.6min
[round 41] SA best so far: contacts=51
[round 41] REMC best so far: contacts=51
[round 42] SA 96x2225835 then REMC 12x28rep x 463ex x 4675steps remaining=30.9min
[round 42] SA best so far: contacts=51
[round 42] REMC best so far: contacts=51
[round 43] SA 96x2109059 then REMC 12x28rep x 439ex x 4675steps remaining=29.3min
[round 43] SA best so far: contacts=51
[round 43] REMC best so far: contacts=51
[round 44] SA 96x1998108 then REMC 12x28rep x 416ex x 4675steps remaining=27.8min
[round 44] SA best so far: contacts=51
[round 44] REMC best so far: contacts=51
[round 45] SA 96x1892839 then REMC 12x28rep x 394ex x 4675steps remaining=26.3min
[round 45] SA best so far: contacts=51
[round 45] REMC best so far: contacts=51
[round 46] SA 96x1792936 then REMC 12x28rep x 373ex x 4675steps remaining=24.9min
[round 46] SA best so far: contacts=51
[round 46] REMC best so far: contacts=51
[round 47] SA 96x1698359 then REMC 12x28rep x 353ex x 4675steps remaining=23.6min
[round 47] SA best so far: contacts=51
[round 47] REMC best so far: contacts=51
[round 48] SA 96x1608665 then REMC 12x28rep x 335ex x 4675steps remaining=22.3min
[round 48] SA best so far: contacts=51
[round 48] REMC best so far: contacts=51
[round 49] SA 96x1523810 then REMC 12x28rep x 317ex x 4675steps remaining=21.2min
[round 49] SA best so far: contacts=51
[round 49] REMC best so far: contacts=51
[round 50] SA 96x1443370 then REMC 12x28rep x 300ex x 4675steps remaining=20.0min
[round 50] SA best so far: contacts=51
[round 50] REMC best so far: contacts=51
[round 51] SA 96x1367220 then REMC 12x28rep x 284ex x 4675steps remaining=19.0min
[round 51] SA best so far: contacts=51
[round 51] REMC best so far: contacts=51
[round 52] SA 96x1294964 then REMC 12x28rep x 269ex x 4675steps remaining=18.0min
[round 52] SA best so far: contacts=51
[round 52] REMC best so far: contacts=51
[round 53] SA 96x1226105 then REMC 12x28rep x 255ex x 4675steps remaining=17.0min
[round 53] SA best so far: contacts=51
[round 53] REMC best so far: contacts=51
[round 54] SA 96x1160964 then REMC 12x28rep x 241ex x 4675steps remaining=16.1min
[round 54] SA best so far: contacts=51
[round 54] REMC best so far: contacts=51
[round 55] SA 96x1099645 then REMC 12x28rep x 229ex x 4675steps remaining=15.3min
[round 55] SA best so far: contacts=51
[round 55] REMC best so far: contacts=51
[round 56] SA 96x1041466 then REMC 12x28rep x 216ex x 4675steps remaining=14.5min
[round 56] SA best so far: contacts=51
[round 56] REMC best so far: contacts=51
[round 57] SA 96x986185 then REMC 12x28rep x 205ex x 4675steps remaining=13.7min
[round 57] SA best so far: contacts=51
[round 57] REMC best so far: contacts=51
[round 58] SA 96x933863 then REMC 12x28rep x 194ex x 4675steps remaining=13.0min
[round 58] SA best so far: contacts=51
[round 58] REMC best so far: contacts=51
[round 59] SA 96x884201 then REMC 12x28rep x 184ex x 4675steps remaining=12.3min
[round 59] SA best so far: contacts=51
[round 59] REMC best so far: contacts=51
[round 60] SA 96x837117 then REMC 12x28rep x 174ex x 4675steps remaining=11.6min
[round 60] SA best so far: contacts=51
[round 60] REMC best so far: contacts=51
[round 61] SA 96x792592 then REMC 12x28rep x 165ex x 4675steps remaining=11.0min
[round 61] SA best so far: contacts=51
[round 61] REMC best so far: contacts=51
[round 62] SA 96x750028 then REMC 12x28rep x 156ex x 4675steps remaining=10.4min
[round 62] SA best so far: contacts=51
[round 62] REMC best so far: contacts=51
[round 63] SA 96x710030 then REMC 12x28rep x 147ex x 4675steps remaining=9.9min
[round 63] SA best so far: contacts=51
[round 63] REMC best so far: contacts=51
[round 64] SA 96x672190 then REMC 12x28rep x 140ex x 4675steps remaining=9.3min
[round 64] SA best so far: contacts=51
[round 64] REMC best so far: contacts=51
[round 65] SA 96x636222 then REMC 12x28rep x 132ex x 4675steps remaining=8.8min
[round 65] SA best so far: contacts=51
[round 65] REMC best so far: contacts=51
[round 66] SA 96x602248 then REMC 12x28rep x 125ex x 4675steps remaining=8.4min
[round 66] SA best so far: contacts=51
[round 66] REMC best so far: contacts=51
[round 67] SA 96x570056 then REMC 12x28rep x 118ex x 4675steps remaining=7.9min
[round 67] SA best so far: contacts=51
[round 67] REMC best so far: contacts=51
[round 68] SA 96x539615 then REMC 12x28rep x 112ex x 4675steps remaining=7.5min
[round 68] SA best so far: contacts=51
[round 68] REMC best so far: contacts=51
[round 69] SA 96x510753 then REMC 12x28rep x 106ex x 4675steps remaining=7.1min
[round 69] SA best so far: contacts=51
[round 69] REMC best so far: contacts=51
[round 70] SA 96x483314 then REMC 12x28rep x 100ex x 4675steps remaining=6.7min
[round 70] SA best so far: contacts=51
[round 70] REMC best so far: contacts=51
[round 71] SA 96x457465 then REMC 12x28rep x 100ex x 4675steps remaining=6.4min
[round 71] SA best so far: contacts=51
[round 71] REMC best so far: contacts=51
[round 72] SA 96x431785 then REMC 12x28rep x 100ex x 4675steps remaining=6.0min
[round 72] SA best so far: contacts=51
[round 72] REMC best so far: contacts=51
[round 73] SA 96x406351 then REMC 12x28rep x 100ex x 4675steps remaining=5.6min
[round 73] SA best so far: contacts=51
[round 73] REMC best so far: contacts=51
[round 74] SA 96x381141 then REMC 12x28rep x 100ex x 4675steps remaining=5.3min
[round 74] SA best so far: contacts=51
[round 74] REMC best so far: contacts=51
[round 75] SA 96x356204 then REMC 12x28rep x 100ex x 4675steps remaining=4.9min
[round 75] SA best so far: contacts=51
[round 75] REMC best so far: contacts=51
[round 76] SA 96x331444 then REMC 12x28rep x 100ex x 4675steps remaining=4.6min
[round 76] SA best so far: contacts=51
[round 76] REMC best so far: contacts=51
[round 77] SA 96x306851 then REMC 12x28rep x 100ex x 4675steps remaining=4.3min
[round 77] SA best so far: contacts=51
[round 77] REMC best so far: contacts=51
[round 78] SA 96x282607 then REMC 12x28rep x 100ex x 4675steps remaining=3.9min
[round 78] SA best so far: contacts=51
[round 78] REMC best so far: contacts=51
[round 79] SA 96x258650 then REMC 12x28rep x 100ex x 4675steps remaining=3.6min
[round 79] SA best so far: contacts=51
[round 79] REMC best so far: contacts=51
[round 80] SA 96x234782 then REMC 12x28rep x 100ex x 4675steps remaining=3.3min
[round 80] SA best so far: contacts=51
[round 80] REMC best so far: contacts=51
[round 81] SA 96x211259 then REMC 12x28rep x 100ex x 4675steps remaining=2.9min
[round 81] SA best so far: contacts=51
[round 81] REMC best so far: contacts=51
[round 82] SA 96x200000 then REMC 12x28rep x 100ex x 4675steps remaining=2.6min
[round 82] SA best so far: contacts=51
[round 82] REMC best so far: contacts=51
[round 83] SA 96x200000 then REMC 12x28rep x 100ex x 4675steps remaining=2.3min
[round 83] SA best so far: contacts=51
[round 83] REMC best so far: contacts=51
[round 84] SA 96x200000 then REMC 12x28rep x 100ex x 4675steps remaining=2.0min
[round 84] SA best so far: contacts=51
[round 84] REMC best so far: contacts=51
[round 85] SA 96x200000 then REMC 12x28rep x 100ex x 4675steps remaining=1.6min
[round 85] SA best so far: contacts=51
[round 85] REMC best so far: contacts=51
[round 86] SA 96x200000 then REMC 12x28rep x 100ex x 4675steps remaining=1.3min
[round 86] SA best so far: contacts=51
[round 86] REMC best so far: contacts=51
[round 87] SA 96x200000 then REMC 12x28rep x 100ex x 4675steps remaining=1.0min
[round 87] SA best so far: contacts=51
[round 87] REMC best so far: contacts=51
[round 88] SA 96x200000 then REMC 12x28rep x 100ex x 4675steps remaining=0.7min
[round 88] SA best so far: contacts=51
[round 88] REMC best so far: contacts=51
[validate] valid fold: contacts=51, rg2=14.8152
[checkpoint] checkpoints/best_S9.json contacts=51 status=GAP_2
[submission] wrote results/S9_submission.json
[done] S9: contacts=51 target=53 status=GAP_2

==============================================================================
[solve] S10 length=100 target=50 budget=3.061h workers=16
==============================================================================
[round 1] SA 96x4000000 then REMC 12x33rep x 1200ex x 5500steps remaining=183.7min
[round 1] SA improved: contacts=45
[checkpoint] checkpoints/best_S10.json contacts=45 status=GAP_5
[round 1] REMC best so far: contacts=45
[round 2] SA 96x4000000 then REMC 12x33rep x 1200ex x 5500steps remaining=178.4min
[round 2] SA best so far: contacts=45
[round 2] REMC improved: contacts=46
[checkpoint] checkpoints/best_S10.json contacts=46 status=GAP_4
[round 3] SA 96x4000000 then REMC 12x33rep x 1200ex x 5500steps remaining=173.0min
[round 3] SA best so far: contacts=46
[round 3] REMC best so far: contacts=46
[round 4] SA 96x4000000 then REMC 12x33rep x 1200ex x 5500steps remaining=167.7min
[round 4] SA best so far: contacts=46
[round 4] REMC best so far: contacts=46
[round 5] SA 96x4000000 then REMC 12x33rep x 1200ex x 5500steps remaining=162.4min
[round 5] SA best so far: contacts=46
[round 5] REMC best so far: contacts=46
[round 6] SA 96x4000000 then REMC 12x33rep x 1200ex x 5500steps remaining=157.1min
[round 6] SA best so far: contacts=46
[round 6] REMC best so far: contacts=46
[round 7] SA 96x4000000 then REMC 12x33rep x 1200ex x 5500steps remaining=151.8min
[round 7] SA best so far: contacts=46
[round 7] REMC best so far: contacts=46
[round 8] SA 96x4000000 then REMC 12x33rep x 1200ex x 5500steps remaining=146.5min
[round 8] SA best so far: contacts=46
[round 8] REMC best so far: contacts=46
[round 9] SA 96x4000000 then REMC 12x33rep x 1200ex x 5500steps remaining=141.2min
[round 9] SA best so far: contacts=46
[round 9] REMC best so far: contacts=46
[round 10] SA 96x4000000 then REMC 12x33rep x 1200ex x 5500steps remaining=135.9min
[round 10] SA best so far: contacts=46
[round 10] REMC best so far: contacts=46
[round 11] SA 96x4000000 then REMC 12x33rep x 1200ex x 5500steps remaining=130.5min
[round 11] SA best so far: contacts=46
[round 11] REMC best so far: contacts=46
[round 12] SA 96x4000000 then REMC 12x33rep x 1200ex x 5500steps remaining=125.2min
[round 12] SA best so far: contacts=46
[round 12] REMC best so far: contacts=46
[round 13] SA 96x4000000 then REMC 12x33rep x 1200ex x 5500steps remaining=119.9min
[round 13] SA best so far: contacts=46
[round 13] REMC best so far: contacts=46
[round 14] SA 96x4000000 then REMC 12x33rep x 1200ex x 5500steps remaining=114.6min
[round 14] SA best so far: contacts=46
[round 14] REMC best so far: contacts=46
[round 15] SA 96x4000000 then REMC 12x33rep x 1200ex x 5500steps remaining=109.3min
[round 15] SA best so far: contacts=46
[round 15] REMC best so far: contacts=46
[round 16] SA 96x4000000 then REMC 12x33rep x 1200ex x 5500steps remaining=104.0min
[round 16] SA best so far: contacts=46
[round 16] REMC best so far: contacts=46
[round 17] SA 96x4000000 then REMC 12x33rep x 1200ex x 5500steps remaining=98.7min
[round 17] SA best so far: contacts=46
[round 17] REMC best so far: contacts=46
[round 18] SA 96x4000000 then REMC 12x33rep x 1200ex x 5500steps remaining=93.4min
